-- MySQL dump 10.13  Distrib 5.7.26, for macos10.14 (x86_64)
--
-- Host: localhost    Database: murmuler_main
-- ------------------------------------------------------
-- Server version	5.7.26

/*!40101 SET @OLD_CHARACTER_SET_CLIENT=@@CHARACTER_SET_CLIENT */;
/*!40101 SET @OLD_CHARACTER_SET_RESULTS=@@CHARACTER_SET_RESULTS */;
/*!40101 SET @OLD_COLLATION_CONNECTION=@@COLLATION_CONNECTION */;
/*!40101 SET NAMES utf8 */;
/*!40103 SET @OLD_TIME_ZONE=@@TIME_ZONE */;
/*!40103 SET TIME_ZONE='+00:00' */;
/*!40014 SET @OLD_UNIQUE_CHECKS=@@UNIQUE_CHECKS, UNIQUE_CHECKS=0 */;
/*!40014 SET @OLD_FOREIGN_KEY_CHECKS=@@FOREIGN_KEY_CHECKS, FOREIGN_KEY_CHECKS=0 */;
/*!40101 SET @OLD_SQL_MODE=@@SQL_MODE, SQL_MODE='NO_AUTO_VALUE_ON_ZERO' */;
/*!40111 SET @OLD_SQL_NOTES=@@SQL_NOTES, SQL_NOTES=0 */;

--
-- Table structure for table `contract_list_tb`
--

DROP TABLE IF EXISTS `contract_list_tb`;
/*!40101 SET @saved_cs_client     = @@character_set_client */;
/*!40101 SET character_set_client = utf8 */;
CREATE TABLE `contract_list_tb` (
  `member_id` int(10) unsigned NOT NULL,
  `contract_id` int(10) unsigned NOT NULL,
  KEY `member_id` (`member_id`),
  KEY `contract_id` (`contract_id`),
  CONSTRAINT `contract_list_tb_ibfk_1` FOREIGN KEY (`member_id`) REFERENCES `member_tb` (`member_id`) ON DELETE CASCADE ON UPDATE CASCADE,
  CONSTRAINT `contract_list_tb_ibfk_2` FOREIGN KEY (`contract_id`) REFERENCES `contract_tb` (`contract_id`) ON DELETE CASCADE ON UPDATE CASCADE
) ENGINE=InnoDB DEFAULT CHARSET=utf8;
/*!40101 SET character_set_client = @saved_cs_client */;

--
-- Dumping data for table `contract_list_tb`
--

LOCK TABLES `contract_list_tb` WRITE;
/*!40000 ALTER TABLE `contract_list_tb` DISABLE KEYS */;
INSERT INTO `contract_list_tb` VALUES (32,31),(53,31);
/*!40000 ALTER TABLE `contract_list_tb` ENABLE KEYS */;
UNLOCK TABLES;

--
-- Table structure for table `contract_scan_tb`
--

DROP TABLE IF EXISTS `contract_scan_tb`;
/*!40101 SET @saved_cs_client     = @@character_set_client */;
/*!40101 SET character_set_client = utf8 */;
CREATE TABLE `contract_scan_tb` (
  `contract_id` int(10) unsigned NOT NULL,
  `contract_url` varchar(150) NOT NULL,
  `agreement_url` varchar(150) NOT NULL,
  KEY `contract_id` (`contract_id`),
  CONSTRAINT `contract_scan_tb_ibfk_1` FOREIGN KEY (`contract_id`) REFERENCES `contract_tb` (`contract_id`) ON DELETE CASCADE ON UPDATE CASCADE
) ENGINE=InnoDB DEFAULT CHARSET=utf8;
/*!40101 SET character_set_client = @saved_cs_client */;

--
-- Dumping data for table `contract_scan_tb`
--

LOCK TABLES `contract_scan_tb` WRITE;
/*!40000 ALTER TABLE `contract_scan_tb` DISABLE KEYS */;
/*!40000 ALTER TABLE `contract_scan_tb` ENABLE KEYS */;
UNLOCK TABLES;

--
-- Table structure for table `contract_tb`
--

DROP TABLE IF EXISTS `contract_tb`;
/*!40101 SET @saved_cs_client     = @@character_set_client */;
/*!40101 SET character_set_client = utf8 */;
CREATE TABLE `contract_tb` (
  `contract_id` int(10) unsigned NOT NULL AUTO_INCREMENT,
  `room_id` int(10) unsigned NOT NULL,
  `contract_form` varchar(150) NOT NULL,
  `contract_date` datetime NOT NULL DEFAULT CURRENT_TIMESTAMP,
  `deposit` int(10) unsigned NOT NULL DEFAULT '0',
  `monthly_cost` int(10) unsigned NOT NULL DEFAULT '0',
  `stay_from` char(10) NOT NULL,
  `stay_to` char(10) NOT NULL,
  PRIMARY KEY (`contract_id`),
  KEY `room_id` (`room_id`),
  CONSTRAINT `contract_tb_ibfk_1` FOREIGN KEY (`room_id`) REFERENCES `room_tb` (`room_id`) ON DELETE CASCADE ON UPDATE CASCADE
) ENGINE=InnoDB AUTO_INCREMENT=32 DEFAULT CHARSET=utf8;
/*!40101 SET character_set_client = @saved_cs_client */;

--
-- Dumping data for table `contract_tb`
--

LOCK TABLES `contract_tb` WRITE;
/*!40000 ALTER TABLE `contract_tb` DISABLE KEYS */;
INSERT INTO `contract_tb` VALUES (24,343,'0001 (1).jpg','2019-08-24 12:56:27',4500,0,'2019-01-03','2021-04-04'),(25,343,'0001 (1).jpg','2019-08-24 12:56:40',4500,0,'2019-01-03','2021-04-04'),(26,343,'0001.jpg','2019-08-24 13:07:18',4500,0,'2019-01-01','2019-02-02'),(27,343,'0001 (2).jpg','2019-08-24 13:19:08',4500,0,'2019-01-01','2019-01-01'),(31,397,'Scan 24 Aug.jpg','2019-08-24 15:03:00',500,35,'2019-08-25','2020-06-25');
/*!40000 ALTER TABLE `contract_tb` ENABLE KEYS */;
UNLOCK TABLES;

--
-- Table structure for table `dialogue_tb`
--

DROP TABLE IF EXISTS `dialogue_tb`;
/*!40101 SET @saved_cs_client     = @@character_set_client */;
/*!40101 SET character_set_client = utf8 */;
CREATE TABLE `dialogue_tb` (
  `dialogue_id` int(10) unsigned NOT NULL AUTO_INCREMENT,
  `sublessor_id` int(10) unsigned NOT NULL,
  `sublessee_id` int(10) unsigned NOT NULL,
  `content_file_url` varchar(150) NOT NULL,
  PRIMARY KEY (`dialogue_id`),
  KEY `sublessor_id` (`sublessor_id`),
  KEY `sublessee_id` (`sublessee_id`),
  CONSTRAINT `dialogue_tb_ibfk_1` FOREIGN KEY (`sublessor_id`) REFERENCES `member_tb` (`member_id`) ON DELETE CASCADE ON UPDATE CASCADE,
  CONSTRAINT `dialogue_tb_ibfk_2` FOREIGN KEY (`sublessee_id`) REFERENCES `member_tb` (`member_id`) ON DELETE CASCADE ON UPDATE CASCADE
) ENGINE=InnoDB DEFAULT CHARSET=utf8;
/*!40101 SET character_set_client = @saved_cs_client */;

--
-- Dumping data for table `dialogue_tb`
--

LOCK TABLES `dialogue_tb` WRITE;
/*!40000 ALTER TABLE `dialogue_tb` DISABLE KEYS */;
/*!40000 ALTER TABLE `dialogue_tb` ENABLE KEYS */;
UNLOCK TABLES;

--
-- Table structure for table `hashtag_tb`
--

DROP TABLE IF EXISTS `hashtag_tb`;
/*!40101 SET @saved_cs_client     = @@character_set_client */;
/*!40101 SET character_set_client = utf8 */;
CREATE TABLE `hashtag_tb` (
  `room_id` int(10) unsigned NOT NULL,
  `hashtag_name` varchar(30) NOT NULL,
  KEY `room_id` (`room_id`),
  CONSTRAINT `hashtag_tb_ibfk_1` FOREIGN KEY (`room_id`) REFERENCES `room_tb` (`room_id`) ON DELETE CASCADE ON UPDATE CASCADE
) ENGINE=InnoDB DEFAULT CHARSET=utf8;
/*!40101 SET character_set_client = @saved_cs_client */;

--
-- Dumping data for table `hashtag_tb`
--

LOCK TABLES `hashtag_tb` WRITE;
/*!40000 ALTER TABLE `hashtag_tb` DISABLE KEYS */;
INSERT INTO `hashtag_tb` VALUES (344,'수원역'),(344,'대학생'),(342,'미세먼지FREE'),(342,'나들이'),(345,'이사갑니다'),(345,'힐링'),(347,'출퇴근'),(347,'무드'),(348,'안산'),(348,'핫플'),(352,'대전'),(352,'주상복합'),(352,'전망'),(354,'과가대'),(354,'공리단길'),(354,'공릉'),(359,'조암터미널 인근'),(359,'가성비'),(361,'사우동'),(361,'김포터미널'),(368,'주차 무료'),(368,'반려동물 가능'),(368,'투룸'),(358,'화성시청'),(358,'걸어서 출근'),(356,'친자연'),(356,'급매'),(350,'월세'),(350,'구리시장'),(350,'원룸'),(369,'역세권'),(369,'안전한'),(369,'퇴근길'),(343,'관악구'),(343,'봉천동'),(343,'신림역'),(370,'숭실대입구역'),(370,'빌라'),(370,'반려동물가능'),(372,'동진빌딩'),(372,'봉천동'),(372,'초역세권'),(373,'숭실대'),(373,'중앙대'),(373,'서울대'),(353,'준풀옵션'),(353,'괴무울 개발자'),(353,'DREAM 컴트루'),(377,'효리네민박'),(377,'상순씨'),(377,'제주도'),(375,'서울대입구'),(375,'봉천동'),(375,'아트리움'),(394,'신림역'),(394,'관악구'),(351,'부산'),(351,'태닝'),(351,'편의'),(396,'신림역'),(396,'가성비'),(397,'신림'),(397,'핑크핑크'),(397,'빌라'),(398,'관악구'),(398,'오피스텔'),(400,'숭실대'),(400,'싸다싸'),(432,'동작구'),(433,'송도'),(433,'이편한세상'),(441,'평안'),(441,'감성마을'),(399,'신림역'),(399,'관악구'),(399,'역세권'),(442,'분당'),(442,'수내'),(444,'123'),(444,'123'),(444,'123'),(445,'123'),(445,'12'),(445,'123'),(446,'123'),(446,'123'),(446,'123'),(448,'샤로수길'),(448,'관악구청'),(448,'선경아파트'),(452,'노원구'),(458,'23332'),(458,'ㄴㅇㄹㄴㅇㄹ'),(458,'234'),(469,'신림역'),(469,'아트백화점'),(469,'베스트리빙텔'),(371,'봉천동'),(371,'빌라'),(371,'여성안심'),(371,'봉천동'),(371,'빌라'),(371,'여성안심'),(371,'봉천동'),(371,'빌라'),(371,'여성안심'),(484,'새문빌라'),(484,'봉천중앙시장'),(485,'서울대입구역'),(485,'민영타운'),(487,'거실이 운동장'),(487,'투룸'),(487,'서울대입구');
/*!40000 ALTER TABLE `hashtag_tb` ENABLE KEYS */;
UNLOCK TABLES;

--
-- Table structure for table `heating_tb`
--

DROP TABLE IF EXISTS `heating_tb`;
/*!40101 SET @saved_cs_client     = @@character_set_client */;
/*!40101 SET character_set_client = utf8 */;
CREATE TABLE `heating_tb` (
  `heating_id` int(10) unsigned NOT NULL AUTO_INCREMENT,
  `heating_name` varchar(20) NOT NULL,
  PRIMARY KEY (`heating_id`)
) ENGINE=InnoDB AUTO_INCREMENT=4 DEFAULT CHARSET=utf8;
/*!40101 SET character_set_client = @saved_cs_client */;

--
-- Dumping data for table `heating_tb`
--

LOCK TABLES `heating_tb` WRITE;
/*!40000 ALTER TABLE `heating_tb` DISABLE KEYS */;
INSERT INTO `heating_tb` VALUES (1,'지역난방'),(2,'개별난방'),(3,'중앙난방');
/*!40000 ALTER TABLE `heating_tb` ENABLE KEYS */;
UNLOCK TABLES;

--
-- Table structure for table `like_list_tb`
--

DROP TABLE IF EXISTS `like_list_tb`;
/*!40101 SET @saved_cs_client     = @@character_set_client */;
/*!40101 SET character_set_client = utf8 */;
CREATE TABLE `like_list_tb` (
  `member_id` int(10) unsigned NOT NULL,
  `room_id` int(10) unsigned NOT NULL,
  PRIMARY KEY (`member_id`,`room_id`),
  KEY `room_id` (`room_id`),
  CONSTRAINT `like_list_tb_ibfk_1` FOREIGN KEY (`member_id`) REFERENCES `member_tb` (`member_id`) ON DELETE CASCADE ON UPDATE CASCADE,
  CONSTRAINT `like_list_tb_ibfk_2` FOREIGN KEY (`room_id`) REFERENCES `room_tb` (`room_id`) ON DELETE CASCADE ON UPDATE CASCADE
) ENGINE=InnoDB DEFAULT CHARSET=utf8;
/*!40101 SET character_set_client = @saved_cs_client */;

--
-- Dumping data for table `like_list_tb`
--

LOCK TABLES `like_list_tb` WRITE;
/*!40000 ALTER TABLE `like_list_tb` DISABLE KEYS */;
INSERT INTO `like_list_tb` VALUES (94,353),(14,368),(38,369),(54,369),(55,369),(38,371),(52,371),(140,371),(14,372),(38,372),(55,372),(87,372),(98,372),(32,373),(54,373),(14,375),(38,375),(55,375),(87,375),(38,399),(55,399);
/*!40000 ALTER TABLE `like_list_tb` ENABLE KEYS */;
UNLOCK TABLES;

--
-- Table structure for table `location_tb`
--

DROP TABLE IF EXISTS `location_tb`;
/*!40101 SET @saved_cs_client     = @@character_set_client */;
/*!40101 SET character_set_client = utf8 */;
CREATE TABLE `location_tb` (
  `location_id` int(10) unsigned NOT NULL AUTO_INCREMENT,
  `sido` varchar(30) NOT NULL,
  `sigungu` varchar(60) NOT NULL,
  `bname` varchar(30) NOT NULL,
  `bname1` varchar(30) DEFAULT NULL,
  `bname2` varchar(30) NOT NULL,
  `jibun` varchar(60) NOT NULL,
  `roadname` varchar(60) NOT NULL,
  `road_jibun` varchar(60) NOT NULL,
  `detail_addr` varchar(100) NOT NULL,
  `latitude` decimal(16,14) NOT NULL,
  `longitude` decimal(17,14) NOT NULL,
  PRIMARY KEY (`location_id`)
) ENGINE=InnoDB AUTO_INCREMENT=851 DEFAULT CHARSET=utf8;
/*!40101 SET character_set_client = @saved_cs_client */;

--
-- Dumping data for table `location_tb`
--

LOCK TABLES `location_tb` WRITE;
/*!40000 ALTER TABLE `location_tb` DISABLE KEYS */;
INSERT INTO `location_tb` VALUES (549,'서울','노원구','공릉동','','공릉동','715','섬밭로','123','123',37.62726810471624,127.06861273855573),(554,'인천','남동구','장수동','','장수동','806-3','장수로','27','101동 306호',37.45120843857109,126.74898574523893),(555,'서울','관악구','신림동','','신림동','29-3 Mt','관악산나들길','130','한영빌 4층 401호',37.45728903172731,126.94494765111031),(556,'경기','수원시 팔달구','매산로2가','','매산로2가','40-1','매산로','51','동인트루빌3 오피스텔 403호',37.26918793646845,127.00687397168024),(557,'서울','관악구','신림동','','신림동','231-59','신림로3가길','29','301호',37.46876694100060,126.94288412166900),(558,'인천','남동구','장수동','','장수동','780-17','장자로','9','3층',37.45048700620090,126.75082012513400),(559,'경기','안양시 만안구','안양동','','안양동','815-28','만안로340번길','122','502호',37.40479846287720,126.91968157559200),(560,'서울','강남구','압구정동','','압구정동','386-1','강남대로','708','12',37.52444025620520,127.01593273664600),(562,'서울','동작구','노량진동','','노량진동','224-17','만양로','73','애플하우스',37.50999082291530,126.94494968617600),(563,'서울','강남구','압구정동','','압구정동','386-1','강남대로','708','12',37.52444025620520,127.01593273664600),(564,'서울','강남구','역삼동','','역삼동','837-11','강남대로','310','902호',37.49098822793070,127.03148489032500),(565,'경기','안산시 상록구','월피동','','월피동','522-3','광덕산로','8','12',37.33422379936080,126.84255013393600),(567,'서울','강남구','압구정동','','압구정동','386-1','강남대로','708','12',37.52444025620520,127.01593273664600),(568,'서울','강남구','압구정동','','압구정동','386-1','강남대로','708','12',37.52444025620520,127.01593273664600),(569,'서울','강남구','압구정동','','압구정동','386-1','강남대로','708','12',37.52444025620520,127.01593273664600),(570,'서울','광진구','자양동','','자양동','2-2','능동로','89','301호',37.53912511569760,127.06967695569800),(571,'부산','해운대구','우동','','우동','1514','APEC로','17','12',35.16596625835929,129.13236982534640),(572,'부산','해운대구','우동','','우동','1514','APEC로','17','12',35.16596625835929,129.13236982534640),(573,'경기','구리시','수택동','','수택동','626-20','원수택로32번길','53','202호',37.59348715384888,127.14238560537983),(574,'경기','구리시','수택동','','수택동','626-20','원수택로32번길','53','202호',37.59348715384888,127.14238560537983),(575,'부산','동구','초량동','','초량동','1201-1','중앙대로214번길','7-8','1501호',35.11611298597026,129.04179957730196),(576,'부산','동구','초량동','','초량동','1201-1','중앙대로214번길','7-8','1501호',35.11611298597026,129.04179957730196),(577,'대전','동구','원동','','원동','35-3','대전로','758','1303호',36.32753828859020,127.43499007932800),(578,'대전','동구','원동','','원동','35-3','대전로','758','1303호',36.32753828859020,127.43499007932800),(579,'서울','관악구','봉천동','','봉천동','30-3','관악로24길','14','6층 3번방',37.48401749048270,126.95561047524400),(580,'서울','노원구','공릉동','','공릉동','633-17','공릉로','105','402호',37.61968864737769,127.07789169977116),(581,'서울','노원구','공릉동','','공릉동','633-17','공릉로','105','402호',37.61968864737769,127.07789169977116),(583,'충남','당진시','채운동','','채운동','144','백암로','90-11','302호',36.88620088429610,126.62182339800500),(584,'서울','마포구','서교동','','서교동','396-46','독막로3길','30','402호',37.54957195110110,126.91736278128800),(586,'경기','화성시','남양리','남양읍','남양리','2048','역골동로','70','102동 405호',37.20618614071080,126.83280985630400),(587,'서울','용산구','이태원동','','이태원동','409','녹사평대로42길','24','201호',37.53663034771819,126.98778374351178),(588,'경기','화성시','조암리','우정읍','조암리','333','3.1만세로','11','1',37.08157903332470,126.81545838416900),(590,'경기','김포시','사우동','','사우동','340','돌문로','1-40','12-1',37.61704073451710,126.72430925097500),(591,'서울','서대문구','창천동','','창천동','','명물길','32','402호',37.55803618011230,126.93844062005200),(595,'경기','용인시 처인구','삼가동','','삼가동','111-2','금학로1번길','8','303호',37.24501687678560,127.16710795156500),(597,'경기','용인시 처인구','삼가동','','삼가동','111-2','금학로1번길','8','303호',37.24501687678560,127.16710795156500),(599,'서울','관악구','봉천동','','봉천동','1594-7','관악로','98','301호',37.47411637664400,126.95346837016100),(600,'서울','관악구','봉천동','','봉천동','1594-7','관악로','98','301호',37.47411637664400,126.95346837016100),(601,'서울','관악구','신림동','','신림동','1639-6','관천로','44','1101호',37.48352042948697,126.92715010737334),(602,'서울','관악구','신림동','','신림동','1639-6','관천로','44','1101호',37.48352042948697,126.92715010737334),(603,'서울','동작구','상도동','','상도동','321-1','국사봉길','21-13','402호',37.49833291975860,126.93001491732400),(604,'서울','관악구','봉천동','','봉천동','23-13','관악로24나길','30','201호',37.48476536514110,126.95818342962800),(605,'서울','관악구','봉천동','','봉천동','32-8','관악로','217','동진빌딩 1802호',37.48437754008500,126.95467859788800),(606,'서울','관악구','봉천동','','봉천동','21-18','관악로24나길','9','204호',37.48490557549470,126.95721436851500),(608,'서울','관악구','봉천동','','봉천동','56-99','양녕로6길','118','아트리움A 1동 306호',37.48369752116220,126.95299320897400),(610,'제주특별자치도','제주시','영평동','','영평동','2181','첨단로','242','효리네 민박',33.45086326653140,126.57072386844900),(627,'서울','관악구','신림동','','신림동','1432-86','신림로65길','10','우리원룸텔',37.48522981740520,126.92891682065300),(629,'서울','관악구','신림동','','신림동','1433-170','관천로10길','4','코코원룸 4층 402호',37.48491428263950,126.92569245290800),(630,'서울','관악구','신림동','','신림동','75-24','남부순환로180길','34-5','701호',37.48302799986400,126.93085117063600),(631,'서울','관악구','신림동','','신림동','1432-86','신림로65길','10','프린스 오피스텔 5층 501호',37.48522981740520,126.92891682065300),(632,'서울','관악구','신림동','','신림동','10-499','신림로58길','49','202호',37.48255602772960,126.93268210048400),(633,'서울','동작구','상도동','','상도동','509','사당로','50','12',37.49457518478590,126.95976562412000),(645,'서울','관악구','봉천동','','봉천동','30-3','관악로24길','14','호삼빌딩 8층',37.48401749048270,126.95561047524400),(655,'서울','노원구','공릉동','','공릉동','715','섬밭로','123','123',37.62726810471624,127.06861273855573),(656,'서울','노원구','공릉동','','공릉동','715','섬밭로','123','123',37.62726810471624,127.06861273855573),(657,'서울','노원구','공릉동','','공릉동','715','섬밭로','123','123',37.62726810471624,127.06861273855573),(658,'서울','노원구','공릉동','','공릉동','715','섬밭로','123','123',37.62726810471624,127.06861273855573),(659,'서울','노원구','공릉동','','공릉동','715','섬밭로','123','123',37.62726810471624,127.06861273855573),(660,'서울','노원구','공릉동','','공릉동','715','섬밭로','123','123',37.62726810471624,127.06861273855573),(661,'서울','노원구','공릉동','','공릉동','715','섬밭로','123','123',37.62726810471624,127.06861273855573),(673,'서울','동작구','상도1동','','상도1동','543','강남초등길','8','동원 원룸텔 2층 202호',37.50680782761900,126.95171087233100),(674,'인천','연수구','송도동','','송도동','319-1','랜드마크로','113','203동 2303호',37.41146272234735,126.61744005941496),(682,'강원','화천군','다목리','상서면','다목리','532-8','감성마을길','2','12',38.17283800647930,127.53030248233300),(683,'경기','성남시 분당구','수내동','','수내동','27','내정로','151','203동 506호',37.37358582719770,127.11734327225000),(684,'경기','성남시 분당구','수내동','','수내동','27','내정로','151','203동 506호',37.37358582719770,127.11734327225000),(685,'서울','노원구','공릉동','','공릉동','715','섬밭로','123','123',37.62726810471624,127.06861273855573),(687,'서울','노원구','공릉동','','공릉동','715','섬밭로','123','123',37.62726810471624,127.06861273855573),(688,'서울','노원구','공릉동','','공릉동','715','섬밭로','123','123',37.62726810471624,127.06861273855573),(689,'서울','노원구','공릉동','','공릉동','715','섬밭로','123','123',37.62726810471624,127.06861273855573),(691,'서울','관악구','봉천동','','봉천동','1697','청룡7길','55','102동 1105호',37.47980895830008,126.94910527873110),(692,'서울','노원구','공릉동','','공릉동','715','섬밭로','123','123',37.62726810471624,127.06861273855573),(695,'서울','노원구','공릉동','','공릉동','715','섬밭로','123','섬밭아파트 3층 303호',37.62726810471624,127.06861273855573),(696,'서울','노원구','공릉동','','공릉동','715','섬밭로','123','502호',37.62726810471624,127.06861273855573),(700,'서울','노원구','공릉동','','공릉동','715','섬밭로','123','4044',37.62726810471624,127.06861273855573),(701,'서울','노원구','공릉동','','공릉동','715','섬밭로','123','123',37.62726810471624,127.06861273855573),(708,'서울','강남구','압구정동','','압구정동','386-1','강남대로','708','12',37.52444025620520,127.01593273664600),(709,'서울','강남구','압구정동','','압구정동','386-1','강남대로','708','12',37.52444025620520,127.01593273664600),(710,'서울','강남구','압구정동','','압구정동','386-1','강남대로','708','12',37.52444025620520,127.01593273664600),(711,'서울','강남구','압구정동','','압구정동','386-1','강남대로','708','12',37.52444025620520,127.01593273664600),(712,'서울','강남구','압구정동','','압구정동','386-1','강남대로','708','12',37.52444025620520,127.01593273664600),(713,'서울','강남구','압구정동','','압구정동','386-1','강남대로','708','12',37.52444025620520,127.01593273664600),(714,'서울','강남구','압구정동','','압구정동','386-1','강남대로','708','12',37.52444025620520,127.01593273664600),(715,'서울','강남구','압구정동','','압구정동','386-1','강남대로','708','12',37.52444025620520,127.01593273664600),(716,'서울','강남구','도곡동','','도곡동','957-14','남부순환로','2609','12',37.48491172504379,127.03505864524779),(717,'서울','강남구','도곡동','','도곡동','957-14','남부순환로','2609','12',37.48491172504379,127.03505864524779),(718,'서울','강남구','도곡동','','도곡동','957-14','남부순환로','2609','12',37.48491172504379,127.03505864524779),(719,'서울','강남구','도곡동','','도곡동','957-14','남부순환로','2609','12',37.48491172504379,127.03505864524779),(720,'서울','강남구','도곡동','','도곡동','957-14','남부순환로','2609','12',37.48491172504379,127.03505864524779),(721,'서울','강남구','도곡동','','도곡동','957-14','남부순환로','2609','12',37.48491172504379,127.03505864524779),(722,'서울','강남구','도곡동','','도곡동','957-14','남부순환로','2609','12',37.48491172504379,127.03505864524779),(723,'서울','강남구','도곡동','','도곡동','957-14','남부순환로','2609','12',37.48491172504379,127.03505864524779),(724,'서울','강남구','도곡동','','도곡동','957-14','남부순환로','2609','12',37.48491172504379,127.03505864524779),(725,'서울','강남구','도곡동','','도곡동','957-14','남부순환로','2609','12',37.48491172504379,127.03505864524779),(726,'서울','강남구','도곡동','','도곡동','957-14','남부순환로','2609','12',37.48491172504379,127.03505864524779),(727,'서울','강남구','도곡동','','도곡동','957-14','남부순환로','2609','12',37.48491172504379,127.03505864524779),(728,'서울','강남구','압구정동','','압구정동','386-1','강남대로','708','12',37.52444025620520,127.01593273664600),(729,'서울','강남구','압구정동','','압구정동','386-1','강남대로','708','12',37.52444025620520,127.01593273664600),(730,'서울','강남구','압구정동','','압구정동','386-1','강남대로','708','12',37.52444025620520,127.01593273664600),(731,'서울','강남구','압구정동','','압구정동','386-1','강남대로','708','12',37.52444025620520,127.01593273664600),(732,'서울','강남구','압구정동','','압구정동','386-1','강남대로','708','12',37.52444025620520,127.01593273664600),(733,'부산','해운대구','우동','','우동','1514','APEC로','17','12',35.16596625835929,129.13236982534640),(734,'서울','강남구','압구정동','','압구정동','386-1','강남대로','708','12',37.52444025620520,127.01593273664600),(735,'서울','강남구','압구정동','','압구정동','386-1','강남대로','708','12',37.52444025620520,127.01593273664600),(736,'서울','강남구','압구정동','','압구정동','386-1','강남대로','708','1',37.52444025620520,127.01593273664600),(737,'서울','강남구','압구정동','','압구정동','386-1','강남대로','708','1',37.52444025620520,127.01593273664600),(738,'서울','강남구','압구정동','','압구정동','386-1','강남대로','708','1',37.52444025620520,127.01593273664600),(739,'서울','강남구','압구정동','','압구정동','386-1','강남대로','708','12',37.52444025620520,127.01593273664600),(740,'서울','강남구','압구정동','','압구정동','386-1','강남대로','708','12',37.52444025620520,127.01593273664600),(741,'서울','강남구','압구정동','','압구정동','386-1','강남대로','708','12',37.52444025620520,127.01593273664600),(742,'서울','강남구','압구정동','','압구정동','386-1','강남대로','708','12',37.52444025620520,127.01593273664600),(745,'서울','강남구','압구정동','','압구정동','386-1','강남대로','708','12',37.52444025620520,127.01593273664600),(746,'서울','강남구','압구정동','','압구정동','386-1','강남대로','708','12',37.52444025620520,127.01593273664600),(749,'서울','관악구','신림동','','신림동','1433-37','신림로63길','7','베스트리빙텔 301호',37.48453074681120,126.92910291166800),(750,'서울','관악구','신림동','','신림동','1433-37','신림로63길','7','베스트리빙텔 301호',37.48453074681120,126.92910291166800),(751,'서울','관악구','신림동','','신림동','1433-37','신림로63길','7','베스트리빙텔 301호',37.48453074681120,126.92910291166800),(752,'서울','관악구','신림동','','신림동','1433-37','신림로63길','7','베스트리빙텔 301호',37.48453074681120,126.92910291166800),(753,'서울','관악구','신림동','','신림동','1433-37','신림로63길','7','베스트리빙텔 301호',37.48453074681120,126.92910291166800),(754,'서울','관악구','신림동','','신림동','1433-37','신림로63길','7','베스트리빙텔 301호',37.48453074681120,126.92910291166800),(755,'서울','관악구','신림동','','신림동','1433-37','신림로63길','7','베스트리빙텔 301호',37.48453074681120,126.92910291166800),(756,'서울','노원구','공릉동','','공릉동','715','섬밭로','123','123',37.62726810471624,127.06861273855573),(757,'서울','강남구','압구정동','','압구정동','386-1','강남대로','708','12',37.52444025620520,127.01593273664600),(758,'서울','노원구','공릉동','','공릉동','715','섬밭로','123','123',37.62726810471624,127.06861273855573),(760,'서울','관악구','신림동','','신림동','1433-37','신림로63길','7','베스트리빙텔 301호',37.48453074681120,126.92910291166800),(761,'서울','관악구','신림동','','신림동','1433-37','신림로63길','7','베스트리빙텔 301호',37.48453074681120,126.92910291166800),(762,'서울','관악구','신림동','','신림동','1433-37','신림로63길','7','베스트리빙텔 301호',37.48453074681120,126.92910291166800),(763,'서울','관악구','신림동','','신림동','1433-37','신림로63길','7','베스트리빙텔 301호',37.48453074681120,126.92910291166800),(764,'서울','관악구','신림동','','신림동','1433-37','신림로63길','7','베스트리빙텔 301호',37.48453074681120,126.92910291166800),(765,'서울','관악구','신림동','','신림동','1433-37','신림로63길','7','베스트리빙텔 301호',37.48453074681120,126.92910291166800),(766,'서울','강남구','압구정동','','압구정동','386-1','강남대로','708','12',37.52444025620520,127.01593273664600),(767,'서울','강남구','압구정동','','압구정동','386-1','강남대로','708','12',37.52444025620520,127.01593273664600),(768,'서울','강남구','압구정동','','압구정동','386-1','강남대로','708','12',37.52444025620520,127.01593273664600),(769,'서울','강남구','압구정동','','압구정동','386-1','강남대로','708','12',37.52444025620520,127.01593273664600),(770,'서울','강남구','압구정동','','압구정동','386-1','강남대로','708','12',37.52444025620520,127.01593273664600),(771,'서울','강남구','압구정동','','압구정동','386-1','강남대로','708','12',37.52444025620520,127.01593273664600),(772,'서울','강남구','압구정동','','압구정동','386-1','강남대로','708','12',37.52444025620520,127.01593273664600),(773,'서울','강남구','압구정동','','압구정동','386-1','강남대로','708','12',37.52444025620520,127.01593273664600),(774,'서울','강남구','압구정동','','압구정동','386-1','강남대로','708','12',37.52444025620520,127.01593273664600),(775,'서울','강남구','압구정동','','압구정동','386-1','강남대로','708','12',37.52444025620520,127.01593273664600),(776,'서울','강남구','압구정동','','압구정동','386-1','강남대로','708','12',37.52444025620520,127.01593273664600),(777,'서울','강남구','압구정동','','압구정동','386-1','강남대로','708','12',37.52444025620520,127.01593273664600),(778,'서울','강남구','압구정동','','압구정동','386-1','강남대로','708','12',37.52444025620520,127.01593273664600),(779,'서울','강남구','압구정동','','압구정동','386-1','강남대로','708','12',37.52444025620520,127.01593273664600),(780,'서울','강남구','압구정동','','압구정동','386-1','강남대로','708','12',37.52444025620520,127.01593273664600),(781,'서울','강남구','압구정동','','압구정동','386-1','강남대로','708','12',37.52444025620520,127.01593273664600),(782,'서울','강남구','압구정동','','압구정동','386-1','강남대로','708','12',37.52444025620520,127.01593273664600),(783,'서울','강남구','압구정동','','압구정동','386-1','강남대로','708','12',37.52444025620520,127.01593273664600),(784,'서울','강남구','압구정동','','압구정동','386-1','강남대로','708','12',37.52444025620520,127.01593273664600),(785,'서울','강남구','압구정동','','압구정동','386-1','강남대로','708','12',37.52444025620520,127.01593273664600),(786,'서울','강남구','압구정동','','압구정동','386-1','강남대로','708','12',37.52444025620520,127.01593273664600),(787,'서울','강남구','압구정동','','압구정동','386-1','강남대로','708','12',37.52444025620520,127.01593273664600),(788,'서울','강남구','압구정동','','압구정동','386-1','강남대로','708','12',37.52444025620520,127.01593273664600),(789,'서울','강남구','압구정동','','압구정동','386-1','강남대로','708','12',37.52444025620520,127.01593273664600),(790,'서울','강남구','압구정동','','압구정동','386-1','강남대로','708','12',37.52444025620520,127.01593273664600),(791,'서울','강남구','압구정동','','압구정동','386-1','강남대로','708','12',37.52444025620520,127.01593273664600),(792,'서울','강남구','압구정동','','압구정동','386-1','강남대로','708','12',37.52444025620520,127.01593273664600),(793,'서울','강남구','압구정동','','압구정동','386-1','강남대로','708','12',37.52444025620520,127.01593273664600),(794,'서울','강남구','압구정동','','압구정동','386-1','강남대로','708','12',37.52444025620520,127.01593273664600),(795,'서울','강남구','압구정동','','압구정동','386-1','강남대로','708','12',37.52444025620520,127.01593273664600),(796,'서울','강남구','압구정동','','압구정동','386-1','강남대로','708','12',37.52444025620520,127.01593273664600),(797,'서울','강남구','압구정동','','압구정동','386-1','강남대로','708','12',37.52444025620520,127.01593273664600),(798,'서울','강남구','압구정동','','압구정동','386-1','강남대로','708','12',37.52444025620520,127.01593273664600),(799,'서울','강남구','압구정동','','압구정동','386-1','강남대로','708','12',37.52444025620520,127.01593273664600),(800,'서울','강남구','압구정동','','압구정동','386-1','강남대로','708','12',37.52444025620520,127.01593273664600),(801,'서울','강남구','압구정동','','압구정동','386-1','강남대로','708','12',37.52444025620520,127.01593273664600),(802,'서울','강남구','압구정동','','압구정동','386-1','강남대로','708','12',37.52444025620520,127.01593273664600),(803,'서울','강남구','압구정동','','압구정동','386-1','강남대로','708','12',37.52444025620520,127.01593273664600),(804,'서울','강남구','압구정동','','압구정동','386-1','강남대로','708','12',37.52444025620520,127.01593273664600),(805,'서울','강남구','압구정동','','압구정동','386-1','강남대로','708','12',37.52444025620520,127.01593273664600),(806,'서울','강남구','압구정동','','압구정동','386-1','강남대로','708','12',37.52444025620520,127.01593273664600),(807,'서울','강남구','압구정동','','압구정동','386-1','강남대로','708','12',37.52444025620520,127.01593273664600),(808,'서울','강남구','압구정동','','압구정동','386-1','강남대로','708','12',37.52444025620520,127.01593273664600),(809,'서울','노원구','공릉동','','공릉동','715','섬밭로','123','101동 103호',37.62726810471624,127.06861273855573),(810,'서울','강남구','압구정동','','압구정동','386-1','강남대로','708','21',37.52444025620520,127.01593273664600),(811,'서울','노원구','공릉동','','공릉동','715','섬밭로','123','101동 102호',37.62726810471624,127.06861273855573),(812,'서울','노원구','공릉동','','공릉동','715','섬밭로','123','12',37.62726810471624,127.06861273855573),(813,'서울','강남구','압구정동','','압구정동','386-1','강남대로','708','12',37.52444025620520,127.01593273664600),(814,'서울','강남구','압구정동','','압구정동','386-1','강남대로','708','12',37.52444025620520,127.01593273664600),(815,'서울','노원구','공릉동','','공릉동','715','섬밭로','123','123',37.62726810471624,127.06861273855573),(816,'서울','노원구','공릉동','','공릉동','715','섬밭로','123','21',37.62726810471624,127.06861273855573),(817,'서울','노원구','공릉동','','공릉동','715','섬밭로','123','12',37.62726810471624,127.06861273855573),(818,'서울','노원구','공릉동','','공릉동','715','섬밭로','123','12',37.62726810471624,127.06861273855573),(819,'서울','노원구','공릉동','','공릉동','715','섬밭로','123','32',37.62726810471624,127.06861273855573),(820,'서울','노원구','공릉동','','공릉동','715','섬밭로','123','32',37.62726810471624,127.06861273855573),(821,'서울','노원구','공릉동','','공릉동','715','섬밭로','123','32',37.62726810471624,127.06861273855573),(822,'서울','노원구','공릉동','','공릉동','715','섬밭로','123','24',37.62726810471624,127.06861273855573),(823,'서울','노원구','공릉동','','공릉동','715','섬밭로','123','32',37.62726810471624,127.06861273855573),(824,'서울','노원구','공릉동','','공릉동','715','섬밭로','123','23',37.62726810471624,127.06861273855573),(825,'서울','노원구','공릉동','','공릉동','715','섬밭로','123','23',37.62726810471624,127.06861273855573),(826,'서울','노원구','공릉동','','공릉동','715','섬밭로','123','ㄴㅇㄹ',37.62726810471624,127.06861273855573),(827,'서울','노원구','공릉동','','공릉동','715','섬밭로','123','12',37.62726810471624,127.06861273855573),(828,'서울','노원구','공릉동','','공릉동','715','섬밭로','123','12',37.62726810471624,127.06861273855573),(829,'서울','노원구','공릉동','','공릉동','715','섬밭로','123','23',37.62726810471624,127.06861273855573),(830,'서울','노원구','공릉동','','공릉동','715','섬밭로','123','12',37.62726810471624,127.06861273855573),(844,'서울','관악구','봉천동','','봉천동','28-22','행운1바길','19','204호',37.48354758681820,126.95675044653600),(845,'서울','관악구','봉천동','','봉천동','44-2','중앙2길','22','301호',37.48484314135320,126.95410846015500),(847,'서울','관악구','봉천동','','봉천동','23-19','관악로28길','58','4호',37.48454136205400,126.95917853799300),(848,'서울','관악구','신림동','','신림동','1433-37','신림로63길','7','베스트리빙텔 301호',37.48453074681120,126.92910291166800),(849,'서울','노원구','공릉동','','공릉동','715','섬밭로','123','안알랴쥼',37.62726810471624,127.06861273855573),(850,'서울','노원구','공릉동','','공릉동','715','섬밭로','123','안알랴줌',37.62726810471624,127.06861273855573);
/*!40000 ALTER TABLE `location_tb` ENABLE KEYS */;
UNLOCK TABLES;

--
-- Table structure for table `manage_cost_tb`
--

DROP TABLE IF EXISTS `manage_cost_tb`;
/*!40101 SET @saved_cs_client     = @@character_set_client */;
/*!40101 SET character_set_client = utf8 */;
CREATE TABLE `manage_cost_tb` (
  `manage_id` int(10) unsigned NOT NULL AUTO_INCREMENT,
  `manage_name` varchar(20) NOT NULL,
  PRIMARY KEY (`manage_id`)
) ENGINE=InnoDB AUTO_INCREMENT=6 DEFAULT CHARSET=utf8;
/*!40101 SET character_set_client = @saved_cs_client */;

--
-- Dumping data for table `manage_cost_tb`
--

LOCK TABLES `manage_cost_tb` WRITE;
/*!40000 ALTER TABLE `manage_cost_tb` DISABLE KEYS */;
INSERT INTO `manage_cost_tb` VALUES (1,'가스비'),(2,'수도세'),(3,'전기세'),(4,'인터넷요금'),(5,'TV수신료');
/*!40000 ALTER TABLE `manage_cost_tb` ENABLE KEYS */;
UNLOCK TABLES;

--
-- Table structure for table `member_dialogue_tb`
--

DROP TABLE IF EXISTS `member_dialogue_tb`;
/*!40101 SET @saved_cs_client     = @@character_set_client */;
/*!40101 SET character_set_client = utf8 */;
CREATE TABLE `member_dialogue_tb` (
  `member_id` int(10) unsigned NOT NULL,
  `dialogue_id` int(10) unsigned NOT NULL,
  `the_other` int(10) unsigned DEFAULT NULL,
  KEY `member_id` (`member_id`),
  KEY `dialogue_id` (`dialogue_id`),
  KEY `the_other` (`the_other`),
  CONSTRAINT `member_dialogue_tb_ibfk_1` FOREIGN KEY (`member_id`) REFERENCES `member_tb` (`member_id`) ON DELETE CASCADE ON UPDATE CASCADE,
  CONSTRAINT `member_dialogue_tb_ibfk_2` FOREIGN KEY (`dialogue_id`) REFERENCES `dialogue_tb` (`dialogue_id`) ON DELETE CASCADE ON UPDATE CASCADE,
  CONSTRAINT `member_dialogue_tb_ibfk_3` FOREIGN KEY (`the_other`) REFERENCES `member_tb` (`member_id`) ON DELETE CASCADE ON UPDATE CASCADE
) ENGINE=InnoDB DEFAULT CHARSET=utf8;
/*!40101 SET character_set_client = @saved_cs_client */;

--
-- Dumping data for table `member_dialogue_tb`
--

LOCK TABLES `member_dialogue_tb` WRITE;
/*!40000 ALTER TABLE `member_dialogue_tb` DISABLE KEYS */;
/*!40000 ALTER TABLE `member_dialogue_tb` ENABLE KEYS */;
UNLOCK TABLES;

--
-- Table structure for table `member_tb`
--

DROP TABLE IF EXISTS `member_tb`;
/*!40101 SET @saved_cs_client     = @@character_set_client */;
/*!40101 SET character_set_client = utf8 */;
CREATE TABLE `member_tb` (
  `member_id` int(10) unsigned NOT NULL AUTO_INCREMENT,
  `id` varchar(20) NOT NULL,
  `name` varchar(30) NOT NULL,
  `gender` enum('M','F','X') NOT NULL,
  `birth` date NOT NULL,
  `phone` char(13) NOT NULL,
  `pwd` varchar(20) NOT NULL,
  `email` varchar(50) NOT NULL,
  `nickname` varchar(40) NOT NULL,
  PRIMARY KEY (`member_id`),
  UNIQUE KEY `id` (`id`)
) ENGINE=InnoDB AUTO_INCREMENT=147 DEFAULT CHARSET=utf8;
/*!40101 SET character_set_client = @saved_cs_client */;

--
-- Dumping data for table `member_tb`
--

LOCK TABLES `member_tb` WRITE;
/*!40000 ALTER TABLE `member_tb` DISABLE KEYS */;
INSERT INTO `member_tb` VALUES (0,'admin','admin','X','9999-09-09','administrator','admin123','admin@murmul-er.com','관리자'),(4,'tchaffe3','양소현','M','1993-10-04','010-6014-7417','Toma','tchaffe3@sitemeter.com','Technetium'),(5,'jdohmann4','변성준','F','1991-05-01','010-4541-1868','Jermaine','jdohmann4@bloomberg.com','Metolazone'),(7,'kclawson6','윤은경','F','1979-09-07','010-5042-6728','Kip','kclawson6@soup.io','Immune Support'),(11,'sgiacomi1','김은주','M','1975-08-16','010-8091-4272','Sally','sgiacomi1@a8.net','RAIN AND '),(12,'dwinterson2','석인수','F','1975-11-24','010-2776-1472','Dynah','dwinterson2@java.com','Darby'),(13,'power','지석중','M','1992-05-31','010-3421-8893','ehdgksmf','seokjoong@naver.com','javaPro'),(14,'linux','고하라','F','1973-12-20','010-4892-1384','123456','happyChrist@gmail.com','musoyougang'),(15,'ikubczak9','홍준','F','1975-02-25','010-8884-1541','Ilene','ikubczak9@webnode.com','Potassium Citrate'),(16,'bbarmadiera','방민준','M','1994-08-13','010-4226-5243','Bonnee','bbarmadiera@so-net.ne.jp','Sumatriptan '),(17,'mgrevilleb','염형조','M','1981-07-27','010-7668-3492','Merry','mgrevilleb@mediafire.com','Citalopram'),(18,'acomic','한지영','M','1986-11-05','010-8956-6062','Aurel','acomic@mail.ru','Fentanyl Citrate'),(19,'lmaylottd','홍대훈','F','1981-02-25','010-1370-7825','Lu','lmaylottd@sina.com.cn','POLYETHYLENE'),(20,'fraimbaulde','권지영','M','1983-05-07','010-4314-3649','Faith','fraimbaulde@qq.com','BUDEPRION'),(21,'rreemef','전혜지','M','1984-08-03','010-8814-6297','Ranna','rreemef@xrea.com','Ramipril'),(22,'ncluttong','여지영','F','1993-02-24','010-5545-5872','Nadya','ncluttong@theglobeandmail.com','Aztreonam'),(23,'abighamh','인성호','M','1993-02-01','010-7874-9144','Adena','abighamh@bing.com','LOBSTER'),(24,'kwynrehamei','황영준','M','1984-04-07','010-6556-4330','Karee','kwynrehamei@mapy.cz','Novolin'),(25,'acarpmilej','오인태','M','1998-05-15','010-9393-2321','Amalee','acarpmilej@gov.uk','Inflamma-Tone'),(26,'vorfordk','은경진','M','1995-09-11','010-9070-7884','Violante','vorfordk@icio.us','Azithromycin '),(29,'zbrennenn','문동영','M','1999-10-19','010-8945-5588','Zorah','zbrennenn@qq.com','Advanced First Aid'),(30,'gpalingo','조한결','M','1979-05-11','010-4965-6056','Ginger','gpalingo@sfgate.com','amoxicillin '),(31,'lsuffep','유재홍','F','1985-09-23','010-3905-8582','Linell','lsuffep@disqus.com','Methyldopa'),(32,'jlevenq','반민서','M','1996-09-10','010-3560-9008','Jorry','jlevenq@nbcnews.com','NATURAL '),(33,'cmorar','여보라','F','1970-06-28','010-1181-9699','Carie','cmorar@dyndns.org','Antiseptic'),(34,'otembeys','현인태','M','1987-08-10','010-2199-9299','Orsa','otembeys@wikipedia.org','Quinapril'),(35,'mfoskewt','권제훈','M','1999-10-21','010-6367-2836','Miranda','mfoskewt@squidoo.com','ESIKA'),(38,'ehddnwnd','김석중','M','1992-06-01','010-9415-0103','ehdgksmf','ehddnwnd@nate.com','김석중짱짱맨'),(39,'asdfasdf','ehdgksmf','M','1970-01-01','010-1234-1234','ehdgksmf','ehdgksmf@naver.com','ehdgksmf'),(49,'wqefwwfe','sdfsdf','M','1970-01-01','010-234-2342','sdfsdf','sdf@naver.com','sdfsdf'),(50,'seongjin','김성진','M','1970-01-01','010-9284-3214','asdasd','seongjin@gmail.com','헬스보이'),(51,'hellolecto','hellolecto','M','1970-01-01','010-3333-3333','123456a','hellolecto@lectopia.com','hellolecto'),(52,'tjdwls3469','김성진','M','1970-01-01','010-3939-6561','1q2w3e4r!','tjdwls3469@naver.com','닭찌찌이제그만'),(53,'lectopia','렉토피아','M','1970-01-01','010-9999-9999','lectopia','lectopia@hanmail.net','lectopia'),(54,'youth17','머물러','M','1970-01-01','010-4283-3423','youth17','youth17@naver.com','유기농스택'),(55,'yjeong','김연정','M','1970-01-01','010-1111-1111','123456','kyj4056@naver.com','연또이'),(57,'dfasfsd','sadfsadf','M','1970-01-01','010-1234-1234','asdfasdf','asdfsdafsda@naver.com','asdfasdf'),(59,'qwerqwe','qweqwe','M','1970-01-01','010-1231-1231','qweasd','qweqwe@naver.com','wqeqwe'),(61,'wqeqwe','qweqwe','M','1970-01-01','010-1231-1231','qweqwe','qweqwe@naver.com','qweqwe'),(69,'sdfsdfaa','sdfsdf','M','1970-01-01','010-2132-1231','sdfsdf','sdfsdf@naver.com','sdfsdf'),(70,'dsfasdfw','asdasd','M','1970-01-01','010-1231-1231','asdasd','asdasd@naver.com','asdasd'),(71,'wqwddasd','asdasd','M','1970-01-01','010-1231-1231','asdasd','asdasd@naver.com','asdasd'),(72,'213123123','123','M','1970-01-01','010-123-123','123123123','123@naver.com','123123'),(73,'asdasd','asdasd','M','1970-01-01','010-1231-1231','asdasd','asdasd@naver.com','asdasd'),(74,'chlalstjd','hacker','M','1970-01-01','010-8486-1231','as1234','hacker@naver.com','hacker'),(75,'whdanrdlqkqh','김종묵','M','1970-01-01','010-1577-1577','whdanrqkqh','jmk@naver.com','JMK'),(76,'admin1234','어드민','M','1970-01-01','010-1234-5678','asdf1234','admin@gmail.com','어드민'),(83,'eklsajfkdf','sdfsdf','F','1970-01-01','010-1231-1231','sdfsdf','sdfsdf@naver.com','sdfsdf'),(84,'nina2439','정주은','M','1970-01-01','010-5141-1031','ab1224','nina2439@naver.com','나노나'),(85,'nimdaa','nimdaa','M','1970-01-01','010-2222-1234','nimdaa','nimda@naver.com','nimda'),(86,'werad2','qwer','F','1970-01-01','010-2131-5121','qwer123','efqefqfq@naver.com','124'),(87,'ehddnwn','2주남음','F','1970-01-01','010-7123-2731','ehdgksmf','ehddgksmf@naver.com','2주화이팅'),(88,'13일화이팅','13일화이팅!','M','1970-01-01','010-9392-0392','ehdgksmf','ehddnwnd@naver.com','13일화이팅!'),(89,'12341234','asdlkfjal','F','1970-01-01','010-113 -1231','12341234','123@naver.com','12 1 1'),(90,'1231234','asdf','F','1970-01-01','010-1234-1234','12341234','1234@naver.com','1234'),(91,'123123','adsf','M','1970-01-01','010-1234-1234','12341234','!@#$!@#$!@naver.com','1234123'),(92,'asdf123','asd','M','1970-01-01','010-1231-1231','123123','!@#!@#@naver.com','sads'),(93,'asdfasddf','asdf','F','1970-01-01','010-2983-9879','12341234','!@#!@#@naver.com','123123'),(94,'ehddnwn1','동우중','M','1970-01-01','010-9349-1573','ehdgksmf','ehddnwnd@naver.com','12일화이팅!'),(95,'gyflgyfl','gyflgyfl','M','1970-01-01','010-2525-2958','gyflgyfl','gyflgyfl@naver.com','거꾸로해도이효리'),(96,'MingAri','정미니','F','1970-01-01','010-3939-6561','tjdwlsltkfkdgo','Tjdwlsldkssyd@naver.com','밍아리'),(97,'test22','테스트','F','1970-01-01','010-2920-7161','test22','Tesy22@naver.com','Tesy22'),(98,'ehddnwn2','이제거의끝','M','1970-01-01','010-9120-2131','ehdgksmf','ehddnwnd@naver.com','11일화이팅!'),(99,'gomgom','곰곰이','F','1970-01-01','010-9595-9595','111111','gomgom@gmail.com','곰곰이'),(100,'cloud9','구름','M','1970-01-01','010-9999-9999','치ㅣㅐㅕㅇ9','cloud9@naver.com','구름'),(101,'sunny1','써니','M','1970-01-01','010-1111-1111','sunny1','sunny1@naver.com','써니'),(102,'lecto123','렉토짱','M','1970-01-01','010-5353-7845','123123','lecto123@naver.com','렉토짱'),(109,'lecto1234','김연','F','1970-01-01','010-1111-1111','123123','lectopia@naver.com','연정'),(110,'test12345','테스트','F','1970-01-01','010-1233-3232','123123','test123@naver.com','테스트'),(111,'abc123','에비씨','F','1970-01-01','010-1233-1233','123123','abc123@naver.com','에비씨'),(131,'abc1231','비와이','M','1970-01-01','010-3333-2222','asdasd','bewhy@naver.com','비와이가라사대'),(133,'abc1234','에이비씨','M','1970-01-01','010-1234-1234','123123','abc1234@naver.com','에이비씨'),(138,'abc12345','렉토','F','1970-01-01','010-4443-2323','123123','kyjyky@naver.com','뿌잉'),(139,'qwe123','김','F','1970-01-01','010-1321-1231','123123','dkfjdkf@naver.com','레츠기릿'),(140,'lecto77','렉토피아','F','1970-01-01','010-1111-1111','lecto77','lecto77@naver.com','렉토피아'),(141,'donguk17','서동욱','M','1970-01-01','010-1250-4258','123123','donguk17@gmail.com','서울대11학번'),(142,'asfsfasdfds','adsf','F','1970-01-01','010-1231-1231','123123','asdfsdfasdfasdfsdafsd@naver.com','asdf'),(144,'감사합니다하','rkatkgka','M','1970-01-01','010-1242-2341','123123','skadsffs2342142343241234123423@naver.com','rkak'),(145,'asd211sd','asssd','M','1970-01-01','010-1123-1231','asdfasdf','s1_@naver.com','asdasdf'),(146,'sdklfj','감사함','F','1970-01-01','010-2344-2334','sdfsdf','sdf23@naver.com','ㄴㅣ은3');
/*!40000 ALTER TABLE `member_tb` ENABLE KEYS */;
UNLOCK TABLES;

--
-- Table structure for table `option_tb`
--

DROP TABLE IF EXISTS `option_tb`;
/*!40101 SET @saved_cs_client     = @@character_set_client */;
/*!40101 SET character_set_client = utf8 */;
CREATE TABLE `option_tb` (
  `option_id` int(10) unsigned NOT NULL AUTO_INCREMENT,
  `option_name` varchar(30) NOT NULL,
  PRIMARY KEY (`option_id`)
) ENGINE=InnoDB AUTO_INCREMENT=18 DEFAULT CHARSET=utf8;
/*!40101 SET character_set_client = @saved_cs_client */;

--
-- Dumping data for table `option_tb`
--

LOCK TABLES `option_tb` WRITE;
/*!40000 ALTER TABLE `option_tb` DISABLE KEYS */;
INSERT INTO `option_tb` VALUES (1,'냉장고'),(2,'에어컨'),(3,'가스레인지'),(4,'옷장'),(5,'전자레인지'),(6,'TV'),(7,'신발장'),(8,'비데'),(9,'인덕션'),(10,'전자도어락'),(11,'책상'),(12,'현관문 안전장치'),(13,'세탁기'),(14,'침대'),(15,'반려동물 가능'),(16,'엘리베이터 가능'),(17,'주차 가능');
/*!40000 ALTER TABLE `option_tb` ENABLE KEYS */;
UNLOCK TABLES;

--
-- Table structure for table `post_status_tb`
--

DROP TABLE IF EXISTS `post_status_tb`;
/*!40101 SET @saved_cs_client     = @@character_set_client */;
/*!40101 SET character_set_client = utf8 */;
CREATE TABLE `post_status_tb` (
  `post_id` int(10) unsigned NOT NULL AUTO_INCREMENT,
  `post_name` varchar(30) NOT NULL,
  PRIMARY KEY (`post_id`)
) ENGINE=InnoDB AUTO_INCREMENT=6 DEFAULT CHARSET=utf8;
/*!40101 SET character_set_client = @saved_cs_client */;

--
-- Dumping data for table `post_status_tb`
--

LOCK TABLES `post_status_tb` WRITE;
/*!40000 ALTER TABLE `post_status_tb` DISABLE KEYS */;
INSERT INTO `post_status_tb` VALUES (1,'게시중'),(2,'게시종료'),(3,'거래완료'),(4,'게시금지'),(5,'삭제');
/*!40000 ALTER TABLE `post_status_tb` ENABLE KEYS */;
UNLOCK TABLES;

--
-- Table structure for table `process_status_tb`
--

DROP TABLE IF EXISTS `process_status_tb`;
/*!40101 SET @saved_cs_client     = @@character_set_client */;
/*!40101 SET character_set_client = utf8 */;
CREATE TABLE `process_status_tb` (
  `process_id` int(10) unsigned NOT NULL AUTO_INCREMENT,
  `process_name` varchar(10) NOT NULL,
  PRIMARY KEY (`process_id`)
) ENGINE=InnoDB AUTO_INCREMENT=5 DEFAULT CHARSET=utf8;
/*!40101 SET character_set_client = @saved_cs_client */;

--
-- Dumping data for table `process_status_tb`
--

LOCK TABLES `process_status_tb` WRITE;
/*!40000 ALTER TABLE `process_status_tb` DISABLE KEYS */;
INSERT INTO `process_status_tb` VALUES (1,'처리대기'),(2,'처리중'),(3,'처리완료'),(4,'처리불가');
/*!40000 ALTER TABLE `process_status_tb` ENABLE KEYS */;
UNLOCK TABLES;

--
-- Table structure for table `rent_type_tb`
--

DROP TABLE IF EXISTS `rent_type_tb`;
/*!40101 SET @saved_cs_client     = @@character_set_client */;
/*!40101 SET character_set_client = utf8 */;
CREATE TABLE `rent_type_tb` (
  `rent_id` int(10) unsigned NOT NULL AUTO_INCREMENT,
  `rent_name` varchar(20) NOT NULL,
  PRIMARY KEY (`rent_id`)
) ENGINE=InnoDB AUTO_INCREMENT=4 DEFAULT CHARSET=utf8;
/*!40101 SET character_set_client = @saved_cs_client */;

--
-- Dumping data for table `rent_type_tb`
--

LOCK TABLES `rent_type_tb` WRITE;
/*!40000 ALTER TABLE `rent_type_tb` DISABLE KEYS */;
INSERT INTO `rent_type_tb` VALUES (1,'월세'),(2,'전세'),(3,'단기');
/*!40000 ALTER TABLE `rent_type_tb` ENABLE KEYS */;
UNLOCK TABLES;

--
-- Table structure for table `report_tb`
--

DROP TABLE IF EXISTS `report_tb`;
/*!40101 SET @saved_cs_client     = @@character_set_client */;
/*!40101 SET character_set_client = utf8 */;
CREATE TABLE `report_tb` (
  `report_id` int(10) unsigned NOT NULL AUTO_INCREMENT,
  `room_id` int(10) unsigned NOT NULL,
  `report_type_id` int(10) unsigned NOT NULL,
  `additional_explain` text NOT NULL,
  `process_id` int(10) unsigned NOT NULL,
  PRIMARY KEY (`report_id`),
  KEY `room_id` (`room_id`),
  KEY `report_type_id` (`report_type_id`),
  KEY `process_id` (`process_id`),
  CONSTRAINT `report_tb_ibfk_1` FOREIGN KEY (`room_id`) REFERENCES `room_tb` (`room_id`) ON DELETE CASCADE ON UPDATE CASCADE,
  CONSTRAINT `report_tb_ibfk_2` FOREIGN KEY (`report_type_id`) REFERENCES `report_type_tb` (`report_type_id`) ON DELETE CASCADE ON UPDATE CASCADE,
  CONSTRAINT `report_tb_ibfk_3` FOREIGN KEY (`process_id`) REFERENCES `process_status_tb` (`process_id`) ON DELETE CASCADE ON UPDATE CASCADE
) ENGINE=InnoDB AUTO_INCREMENT=88 DEFAULT CHARSET=utf8;
/*!40101 SET character_set_client = @saved_cs_client */;

--
-- Dumping data for table `report_tb`
--

LOCK TABLES `report_tb` WRITE;
/*!40000 ALTER TABLE `report_tb` DISABLE KEYS */;
INSERT INTO `report_tb` VALUES (87,484,1,'사진 해상도가 낮아서 매물 확인이 어렵습니다.',2);
/*!40000 ALTER TABLE `report_tb` ENABLE KEYS */;
UNLOCK TABLES;

--
-- Table structure for table `report_type_tb`
--

DROP TABLE IF EXISTS `report_type_tb`;
/*!40101 SET @saved_cs_client     = @@character_set_client */;
/*!40101 SET character_set_client = utf8 */;
CREATE TABLE `report_type_tb` (
  `report_type_id` int(10) unsigned NOT NULL AUTO_INCREMENT,
  `report_type_name` varchar(50) NOT NULL,
  PRIMARY KEY (`report_type_id`)
) ENGINE=InnoDB AUTO_INCREMENT=3 DEFAULT CHARSET=utf8;
/*!40101 SET character_set_client = @saved_cs_client */;

--
-- Dumping data for table `report_type_tb`
--

LOCK TABLES `report_type_tb` WRITE;
/*!40000 ALTER TABLE `report_type_tb` DISABLE KEYS */;
INSERT INTO `report_type_tb` VALUES (1,'거래가 완료된 매물'),(2,'정보가 다른 매물');
/*!40000 ALTER TABLE `report_type_tb` ENABLE KEYS */;
UNLOCK TABLES;

--
-- Table structure for table `review_hashtag_tb`
--

DROP TABLE IF EXISTS `review_hashtag_tb`;
/*!40101 SET @saved_cs_client     = @@character_set_client */;
/*!40101 SET character_set_client = utf8 */;
CREATE TABLE `review_hashtag_tb` (
  `review_id` int(10) unsigned NOT NULL,
  `hashtag_name` varchar(30) COLLATE utf8_bin NOT NULL,
  KEY `review_id` (`review_id`),
  CONSTRAINT `review_hashtag_tb_ibfk_1` FOREIGN KEY (`review_id`) REFERENCES `review_tb` (`review_id`) ON DELETE CASCADE ON UPDATE CASCADE
) ENGINE=InnoDB DEFAULT CHARSET=utf8 COLLATE=utf8_bin;
/*!40101 SET character_set_client = @saved_cs_client */;

--
-- Dumping data for table `review_hashtag_tb`
--

LOCK TABLES `review_hashtag_tb` WRITE;
/*!40000 ALTER TABLE `review_hashtag_tb` DISABLE KEYS */;
INSERT INTO `review_hashtag_tb` VALUES (189,'부산'),(189,'시티뷰'),(189,'태양'),(188,'시장'),(190,'대전'),(190,'전망'),(190,'알콩달콩'),(188,'최악'),(188,'이건 피하자'),(185,'건대'),(185,'투룸'),(185,'인근 지하철'),(181,'강남에서 살아보기~'),(181,'오피스텔'),(180,'공시생 다모여'),(180,'노량진 고시텔'),(178,'쵝오'),(178,'빌트인'),(178,'지하철역'),(177,'서울대'),(177,'새 집'),(177,'신림'),(191,'과기대'),(191,'공릉'),(191,'7호선'),(192,'홍대'),(192,'분리형 원룸'),(192,'야외테라스'),(193,'이태원'),(193,'이태원프리덤'),(193,'히릿~'),(194,'신촌'),(194,'신촌을 못가'),(194,'안심귀가'),(195,'용인'),(195,'빌라'),(196,'진짜'),(196,'이집이'),(196,'최고'),(197,'신림'),(197,'오피스텔'),(197,'조하~'),(206,'분당'),(206,'최고얌'),(258,'관악구'),(258,'신림역');
/*!40000 ALTER TABLE `review_hashtag_tb` ENABLE KEYS */;
UNLOCK TABLES;

--
-- Table structure for table `review_tb`
--

DROP TABLE IF EXISTS `review_tb`;
/*!40101 SET @saved_cs_client     = @@character_set_client */;
/*!40101 SET character_set_client = utf8 */;
CREATE TABLE `review_tb` (
  `review_id` int(10) unsigned NOT NULL AUTO_INCREMENT,
  `review_date` datetime NOT NULL DEFAULT CURRENT_TIMESTAMP,
  `review_title` varchar(150) NOT NULL,
  `review_content` text NOT NULL,
  `location_id` int(10) unsigned NOT NULL,
  `residence_period` int(10) unsigned NOT NULL DEFAULT '1',
  `period_unit` enum('Y','M','W') NOT NULL DEFAULT 'M',
  `score` int(10) unsigned NOT NULL DEFAULT '1',
  `advantage` text NOT NULL,
  `disadvantage` text NOT NULL,
  `insect_level` enum('H','M','L') NOT NULL DEFAULT 'L',
  `noise_level` enum('H','M','L') NOT NULL DEFAULT 'L',
  `hashtag_exist` enum('Y','N') NOT NULL DEFAULT 'N',
  `review_img` varchar(150) NOT NULL,
  `member_id` int(10) unsigned NOT NULL,
  PRIMARY KEY (`review_id`),
  KEY `review_tb_ibfk_1` (`location_id`),
  KEY `member_id` (`member_id`),
  CONSTRAINT `review_tb_ibfk_1` FOREIGN KEY (`location_id`) REFERENCES `location_tb` (`location_id`) ON DELETE CASCADE ON UPDATE CASCADE,
  CONSTRAINT `review_tb_ibfk_2` FOREIGN KEY (`member_id`) REFERENCES `member_tb` (`member_id`) ON DELETE CASCADE ON UPDATE CASCADE
) ENGINE=InnoDB AUTO_INCREMENT=259 DEFAULT CHARSET=utf8;
/*!40101 SET character_set_client = @saved_cs_client */;

--
-- Dumping data for table `review_tb`
--

LOCK TABLES `review_tb` WRITE;
/*!40000 ALTER TABLE `review_tb` DISABLE KEYS */;
INSERT INTO `review_tb` VALUES (177,'2019-08-19 10:48:50','관악구 신축 원룸 6개월 후기','진짜 관악구에서 이렇게 좋고 깔끔한 원룸은 없을거에요ㅠㅠ 서울대 다니시는 분들 진짜 강추 드립니다',557,6,'M',5,'깔끔한 인테리어','옆집 사시는 분이 좀 시끄러워요 ㅠㅠ','H','H','Y','/1-1.PNG',4),(178,'2019-08-19 11:09:49','안양 퍼스트프리미엄 리얼좋음','여기 진짜 시설도 좋고 빌트인 되있는 것도 진짜 좋습니다ㅜㅜ\n돈만 많다면 여기 계속 살고싶네요...',559,6,'M',5,'안양역 도보 5분거리여서 교통편 좋아요\n웬만한거 주위에 다 있어서 편합니당','다만 시끄럽네요,,','M','M','Y','/2014-07-04_17;26;49.png',38),(180,'2019-08-19 11:34:49','노량진 학원가 고시텔 후기ㅎㅎ','잠깐 노량진으로 학원다닐때 머물렀는데\n고시텔치고 깔끔하고 좀 생활하기엔 괜찮았어요',562,3,'M',4,'집에 혼자 산다.','집에 혼자 산다.','H','L','Y','/0103907001423016998.jpg',11),(181,'2019-08-19 11:51:44','강남구 역삼동 오피스텔','사진보고 이뻐서 들어갔는데 사진이 잘 나온거였고 관리비 비싸서 좀 그랬어요...',564,7,'M',3,'역 근처라서 교통 너무 편하고 방이 너무 예뻐서 지내시는 동안 만족하실거에요 ㅎㅎ','관리비가 좀 비쌉니다','H','M','Y','/2-1.PNG',13),(185,'2019-08-19 12:43:53','건대입구역 도보 3분거리에 있는 투룸','건대입구역에서 도보로 3분정도 거리에 위치한 매물입니다. CCTV도 여러대 설치되어 있어서 보안이 좋네요 ',570,3,'W',3,'지하철 가깝고 주방 공간도 좁지 않아서 식탁 사용하고도 여유 공간 있습니다','사진과 같이 방이 좀 어수선합니다 그리고 벌레가 많이 나와요...','L','M','Y','/3-1.PNG',15),(188,'2019-08-19 12:55:34','구리시장인근에 있는 분리형 원룸','정말 구리네요...',574,10,'M',2,'분리형 원룸이라는거','시장 근처라 좋을 줄 알았더니 맨날 노래 틀어 놔서 시끄러워요','M','L','Y','/4-2.PNG',16),(189,'2019-08-19 13:14:48','시티뷰 아스티부산','부산역 코앞이구요 탁트인 시티뷰와 편리한 인프라를 누릴수있어서 좋았어요 ㅎㅎ\n',576,10,'M',4,'지하철역 및 버스정류장 3분거리라 교통 완전 편리하며,따따블역세권이라 5분반경안으로 모든 편의시설이 전부 있어요\n','관리비가 좀 나오고 해가 너무 많이 들어와요','H','H','Y','/5-1.PNG',17),(190,'2019-08-19 13:24:52','대전역인근에 위치한 주상복합 아파트 후기입니다','채광 전망좋고 깔끔한 주상복합 ',578,3,'Y',5,'뷰가 끝네주는집, 저희 가족들이 3년동안 정말 알콩달콩 잘 살아서 너무너무 좋았어요 진짜 살기 좋은 집입니다','최근에 바로 앞에 올리브영 생긴다고 공사했던거 빼고는 없어요!!','H','H','Y','/6-1.PNG',19),(191,'2019-08-19 13:42:26','투룸 사실 과기대생,7호선 이용 직장인분들 이 글 꼭 보세요!!','과기대생,7호선 이용 직장인에게 추천 드려요',581,1,'Y',4,'넓은 베란다 있어 편리하고,방크고 깨끗한 풀 옵션 방 입니다. 각종 편의 시설이 갖춰져 있어 생활 편리해요.\n','생각보다 좀 별로 였어요','H','M','Y','/7-2.PNG',20),(192,'2019-08-19 13:55:52','홍대에 약 20평대의 분리형 원룸 후기','실제로 넓은 방이고 야외테라스가 있어서 고기도 구워먹고 좋았어요\n',584,9,'M',5,'도심속 멋진 뷰를 만끽하실 수 있는 분위기좋은 집','홍대라서 지하철 탈때 사람 많은게 좀 불편하네요','M','M','Y','/8-1.PNG',24),(193,'2019-08-19 14:06:42','흔한 이태원 오피스텔 후기','제가 좀 어린 학생인데 이태원에서 8개월 동안 살면서 너무 재밌게 지내서 좋은 기억밖에 없네요 ㅎㅎ',587,8,'M',4,'외국인들 많아서 엄청 재밌었어요','가끔 술취한 사람들이 있다는...','H','M','Y','/9-1.PNG',26),(194,'2019-08-19 14:18:39','신촌 자취 후기','이 위치가 안전한 위치라고 소문이 난 이유가 있네요 ㅎㅎ 정말 안전하다고 느꼈고 여성분들 안심하고 지낼수 있을 것 같아요',591,6,'M',3,'동네가 신촌이라 놀곳도 많고 연대, 이대가 근처에 있어서 젊음이 느껴져요 ㅋㅋㅋ','방음이 잘 안되는게 흠이에요','H','L','Y','/10-1.PNG',29),(195,'2019-08-19 14:30:22','용인 빌라 괜찮네요','1ㆍ5룸 큰방ㆍ큰거실, 2인살기에도 좋아요\n',597,10,'M',3,'인근에 용인대학교,명지대학교 있음 전망 좋고 뒷편산이 있어 공기좋음.','인테리어 중요시하시는 분들한테는 비추','M','H','Y','/11-1.PNG',30),(196,'2019-08-19 14:44:23','진짜 가성비 좋은 투룸이었습니다','주차 무료, 엘리베이터있음,반려동물 가능하고 진짜 가성비 좋은 투룸이었습니다',600,8,'M',5,'진짜 이쁘고 좋은 집이에요','단점이 없는게 단점이에요 ㅋㅋ','H','H','Y','/12-1.PNG',39),(197,'2019-08-19 14:56:24','신림 오피스텔 후기','진짜 엄청난 역세권에 퇴근길이 안전하고 마트. 편의점. 약국. 병원. 세탁소 및 각종 편의시설이 있어요',602,8,'M',4,'인테리어도 좋고 빛도 잘들어오고 너무 깔끔해요','스읍... 단점이 생각나질 않아요','H','H','Y','/13-1.PNG',50),(206,'2019-08-26 07:13:22','분당 양','천당 밑에 분당.. 인정',684,2,'Y',4,'아파트도 신축이라 너무 깨끗하고 동네도 조용하고 깔끔합니다. 한번쯤 이런 동네에 살아보시는 것도 좋네요~','학구열이 너무 치열한 동네라 학원이 워낙 많습니다.ㅠ','H','H','Y','/1.jpg',54),(258,'2019-08-28 08:40:18','관악구 신림로 베스트리빙텔','진짜 관악구에 이렇게 좋고 깨끗한 원룸은 처음이에요 ㅠ_ㅠ\n진짜 추천 드립니다 방 구조도 P 형이라 정말 좋아요',848,6,'M',4,'깨끗한 인테리어, P형 구조','없어요','H','H','Y','/room1.png',140);
/*!40000 ALTER TABLE `review_tb` ENABLE KEYS */;
UNLOCK TABLES;

--
-- Table structure for table `room_img_tb`
--

DROP TABLE IF EXISTS `room_img_tb`;
/*!40101 SET @saved_cs_client     = @@character_set_client */;
/*!40101 SET character_set_client = utf8 */;
CREATE TABLE `room_img_tb` (
  `room_id` int(10) unsigned NOT NULL,
  `img_url` varchar(150) NOT NULL,
  KEY `room_id` (`room_id`),
  CONSTRAINT `room_img_tb_ibfk_1` FOREIGN KEY (`room_id`) REFERENCES `room_tb` (`room_id`) ON DELETE CASCADE ON UPDATE CASCADE
) ENGINE=InnoDB DEFAULT CHARSET=utf8;
/*!40101 SET character_set_client = @saved_cs_client */;

--
-- Dumping data for table `room_img_tb`
--

LOCK TABLES `room_img_tb` WRITE;
/*!40000 ALTER TABLE `room_img_tb` DISABLE KEYS */;
INSERT INTO `room_img_tb` VALUES (343,'room1.png'),(343,'room2.png'),(343,'room3.png'),(344,'room1.JPG'),(344,'room2.JPG'),(344,'room3.JPG'),(342,'room1.jpg'),(342,'room2.jpg'),(342,'room3.jpg'),(345,'room1.jpg'),(345,'room2.jpg'),(347,'room1.jpg'),(347,'room2.jpg'),(348,'room1.jpg'),(348,'room2.jpg'),(348,'room3.jpg'),(350,'room1.PNG'),(350,'room2.PNG'),(350,'room3.PNG'),(352,'room1.PNG'),(352,'room2.PNG'),(352,'room3.PNG'),(352,'room4.PNG'),(352,'room5.PNG'),(352,'room6.PNG'),(354,'room1.PNG'),(354,'room2.PNG'),(354,'room3.PNG'),(354,'room4.PNG'),(356,'room1.PNG'),(356,'room2.PNG'),(356,'room3.PNG'),(358,'room1.PNG'),(358,'room2.PNG'),(358,'room3.PNG'),(358,'room4.PNG'),(359,'room1.PNG'),(359,'room2.PNG'),(359,'room3.PNG'),(359,'room4.PNG'),(359,'room5.PNG'),(361,'room1.PNG'),(361,'room2.PNG'),(361,'room3.PNG'),(361,'room4.PNG'),(361,'room5.PNG'),(365,'room1.PNG'),(365,'room2.PNG'),(365,'room3.PNG'),(368,'room1.PNG'),(368,'room2.PNG'),(368,'room3.PNG'),(368,'room4.PNG'),(368,'room5.PNG'),(368,'room6.PNG'),(368,'room7.PNG'),(369,'room1.PNG'),(369,'room2.PNG'),(369,'room3.PNG'),(369,'room4.PNG'),(369,'room5.PNG'),(369,'room6.PNG'),(369,'room7.PNG'),(370,'room1.PNG'),(370,'room2.PNG'),(370,'room3.PNG'),(370,'room4.PNG'),(371,'room1.PNG'),(371,'room2.PNG'),(371,'room3.PNG'),(371,'room4.PNG'),(371,'room5.PNG'),(372,'room1.png'),(372,'room2.png'),(372,'room3.png'),(372,'room4.png'),(372,'room5.png'),(372,'room6.png'),(372,'room7.png'),(372,'room8.png'),(373,'room1.PNG'),(373,'room2.PNG'),(373,'room3.PNG'),(373,'room4.PNG'),(375,'room1.png'),(375,'room2.png'),(375,'room3.png'),(375,'room4.png'),(375,'room5.png'),(375,'room6.png'),(375,'room7.png'),(375,'room8.png'),(375,'room9.png'),(377,'room1.PNG'),(377,'room2.PNG'),(377,'room3.PNG'),(377,'room4.PNG'),(377,'room5.PNG'),(377,'room6.PNG'),(353,'room1.jpg'),(353,'room2.jpg'),(394,'room1.png'),(394,'room2.png'),(394,'room3.png'),(351,'room1.PNG'),(351,'room2.PNG'),(351,'room3.PNG'),(351,'room4.PNG'),(351,'room5.PNG'),(396,'room1.png'),(396,'room2.png'),(396,'room3.png'),(397,'room1.PNG'),(397,'room2.PNG'),(397,'room3.PNG'),(397,'room4.PNG'),(397,'room5.PNG'),(397,'room6.PNG'),(398,'room1.png'),(398,'room2.png'),(398,'room3.png'),(400,'room1.png'),(400,'room2.png'),(432,'room1.png'),(432,'room2.png'),(432,'room3.png'),(433,'room1.jpg'),(433,'room2.jpg'),(433,'room3.jpg'),(433,'room4.jpg'),(433,'room5.jpg'),(441,'room1.jpg'),(441,'room2.jpg'),(399,'room1.JPG'),(399,'room2.JPG'),(399,'room3.JPG'),(399,'room4.JPG'),(399,'room5.JPG'),(399,'room6.JPG'),(442,'room1.jpg'),(442,'room2.jpg'),(442,'room3.jpg'),(442,'room4.jpg'),(448,'room1.jpg'),(448,'room2.jpg'),(448,'room3.jpg'),(448,'room4.jpg'),(448,'room5.jpg'),(452,'room1.jpg'),(452,'room2.jpg'),(453,'room1.png'),(453,'room2.png'),(457,'room1.jpg'),(457,'room2.jpg'),(458,'room1.png'),(458,'room2.png'),(458,'room3.png'),(458,'room4.png'),(458,'room5.png'),(458,'room6.png'),(469,'room1.png'),(469,'room2.png'),(484,'room1.jpg'),(484,'room2.jpg'),(484,'room3.jpg'),(485,'room1.jpg'),(485,'room2.jpg'),(487,'room1.jpg'),(487,'room2.jpg'),(487,'room3.jpg');
/*!40000 ALTER TABLE `room_img_tb` ENABLE KEYS */;
UNLOCK TABLES;

--
-- Table structure for table `room_manage_cost_tb`
--

DROP TABLE IF EXISTS `room_manage_cost_tb`;
/*!40101 SET @saved_cs_client     = @@character_set_client */;
/*!40101 SET character_set_client = utf8 */;
CREATE TABLE `room_manage_cost_tb` (
  `manage_id` int(10) unsigned NOT NULL,
  `room_id` int(10) unsigned NOT NULL,
  KEY `manage_id` (`manage_id`),
  KEY `room_id` (`room_id`),
  CONSTRAINT `room_manage_cost_tb_ibfk_1` FOREIGN KEY (`manage_id`) REFERENCES `manage_cost_tb` (`manage_id`) ON DELETE CASCADE ON UPDATE CASCADE,
  CONSTRAINT `room_manage_cost_tb_ibfk_2` FOREIGN KEY (`room_id`) REFERENCES `room_tb` (`room_id`) ON DELETE CASCADE ON UPDATE CASCADE
) ENGINE=InnoDB DEFAULT CHARSET=utf8;
/*!40101 SET character_set_client = @saved_cs_client */;

--
-- Dumping data for table `room_manage_cost_tb`
--

LOCK TABLES `room_manage_cost_tb` WRITE;
/*!40000 ALTER TABLE `room_manage_cost_tb` DISABLE KEYS */;
INSERT INTO `room_manage_cost_tb` VALUES (1,343),(2,343),(2,344),(3,344),(2,348),(1,348),(3,348),(5,348),(4,348),(1,350),(2,350),(3,350),(1,352),(2,352),(3,352),(4,352),(5,352),(4,354),(2,354),(5,354),(1,356),(2,356),(3,356),(4,356),(5,356),(1,358),(2,358),(3,358),(4,358),(5,358),(1,359),(2,359),(3,359),(4,359),(5,359),(4,365),(5,365),(4,368),(5,368),(2,368),(4,369),(5,369),(4,370),(5,370),(2,370),(1,372),(2,372),(3,372),(4,372),(5,372),(2,373),(4,373),(2,375),(4,375),(5,375),(4,394),(2,394),(5,394),(1,351),(2,351),(3,351),(2,396),(4,396),(5,396),(2,397),(5,397),(4,397),(4,398),(5,398),(2,398),(1,400),(3,400),(4,400),(2,432),(4,432),(4,433),(5,433),(1,469),(2,469),(3,469),(3,371),(1,371),(2,371),(5,371);
/*!40000 ALTER TABLE `room_manage_cost_tb` ENABLE KEYS */;
UNLOCK TABLES;

--
-- Table structure for table `room_option_tb`
--

DROP TABLE IF EXISTS `room_option_tb`;
/*!40101 SET @saved_cs_client     = @@character_set_client */;
/*!40101 SET character_set_client = utf8 */;
CREATE TABLE `room_option_tb` (
  `option_id` int(10) unsigned NOT NULL,
  `room_id` int(10) unsigned NOT NULL,
  KEY `option_id` (`option_id`),
  KEY `room_id` (`room_id`),
  CONSTRAINT `room_option_tb_ibfk_1` FOREIGN KEY (`option_id`) REFERENCES `option_tb` (`option_id`) ON DELETE CASCADE ON UPDATE CASCADE,
  CONSTRAINT `room_option_tb_ibfk_2` FOREIGN KEY (`room_id`) REFERENCES `room_tb` (`room_id`) ON DELETE CASCADE ON UPDATE CASCADE
) ENGINE=InnoDB DEFAULT CHARSET=utf8;
/*!40101 SET character_set_client = @saved_cs_client */;

--
-- Dumping data for table `room_option_tb`
--

LOCK TABLES `room_option_tb` WRITE;
/*!40000 ALTER TABLE `room_option_tb` DISABLE KEYS */;
INSERT INTO `room_option_tb` VALUES (15,343),(17,343),(1,343),(2,343),(9,343),(11,343),(4,343),(6,343),(15,344),(16,344),(17,344),(1,344),(2,344),(4,344),(3,344),(11,344),(10,344),(13,344),(7,344),(10,342),(7,342),(2,342),(1,345),(2,345),(5,345),(6,345),(7,345),(9,345),(13,345),(10,345),(17,347),(15,347),(16,347),(2,347),(9,347),(8,347),(17,348),(15,348),(16,348),(2,348),(1,348),(10,348),(11,348),(6,348),(14,348),(5,348),(10,350),(2,350),(9,350),(7,350),(15,352),(16,352),(17,352),(4,352),(13,352),(10,352),(3,352),(7,352),(15,354),(13,354),(9,354),(5,354),(10,354),(11,354),(4,354),(1,354),(2,354),(15,356),(17,356),(1,356),(2,356),(3,356),(6,356),(13,356),(14,356),(11,356),(10,356),(9,356),(15,358),(16,358),(17,358),(3,358),(12,358),(4,358),(13,358),(14,358),(6,358),(8,358),(9,358),(7,358),(5,358),(2,358),(11,358),(10,358),(1,358),(15,359),(1,359),(10,359),(2,359),(11,359),(3,359),(12,359),(13,359),(2,361),(11,361),(3,361),(12,361),(13,361),(4,361),(5,361),(14,361),(6,361),(9,361),(10,361),(16,365),(2,365),(9,365),(13,365),(5,365),(10,365),(4,365),(6,365),(7,365),(17,368),(15,368),(16,368),(2,368),(7,368),(13,368),(1,368),(4,368),(3,368),(11,368),(5,368),(6,368),(17,369),(16,369),(2,369),(13,369),(9,369),(5,369),(11,369),(4,369),(7,369),(1,369),(15,370),(2,370),(1,370),(13,370),(9,370),(11,370),(4,370),(10,370),(15,372),(16,372),(17,372),(1,372),(2,372),(3,372),(4,372),(5,372),(6,372),(7,372),(8,372),(9,372),(10,372),(11,372),(13,372),(14,372),(12,372),(1,373),(7,373),(9,373),(13,373),(11,373),(10,373),(2,373),(4,373),(15,375),(16,375),(17,375),(1,375),(2,375),(3,375),(12,375),(11,375),(14,375),(4,375),(5,375),(6,375),(7,375),(13,375),(1,377),(10,377),(2,377),(11,377),(3,377),(12,377),(4,377),(13,377),(5,377),(14,377),(6,377),(7,377),(9,377),(8,377),(1,353),(2,353),(10,353),(11,353),(14,353),(5,353),(4,353),(7,353),(8,353),(16,394),(1,394),(2,394),(13,394),(14,394),(11,394),(5,394),(7,394),(13,351),(4,351),(7,351),(1,351),(17,396),(16,396),(1,396),(2,396),(4,396),(5,396),(7,396),(9,396),(10,396),(14,396),(13,396),(17,397),(2,397),(14,397),(1,397),(7,397),(6,397),(4,397),(10,397),(11,397),(9,397),(16,397),(16,398),(1,398),(2,398),(4,398),(11,398),(9,398),(10,398),(13,398),(7,398),(5,398),(6,398),(1,400),(10,400),(17,432),(1,432),(2,432),(9,432),(10,432),(13,432),(11,432),(15,433),(16,433),(17,433),(2,433),(10,433),(9,433),(13,433),(4,433),(7,433),(17,441),(7,441),(1,441),(3,399),(6,399),(8,399),(7,399),(17,442),(15,442),(16,442),(1,442),(9,442),(10,442),(2,442),(1,444),(10,444),(7,444),(1,445),(10,445),(7,445),(1,446),(10,446),(7,446),(10,448),(9,448),(7,448),(15,452),(17,452),(16,452),(1,452),(2,452),(4,452),(6,452),(7,452),(10,452),(11,452),(17,453),(2,453),(12,453),(17,457),(2,457),(12,457),(3,457),(17,458),(8,458),(15,458),(12,458),(3,458),(4,458),(13,458),(2,458),(17,469),(16,469),(1,469),(2,469),(7,469),(9,469),(10,469),(4,469),(11,469),(13,469),(14,469),(6,371),(7,371),(14,371),(3,371),(4,371),(1,371),(10,371),(15,484),(10,484),(7,484),(17,485),(1,485),(10,485),(17,487),(1,487),(10,487),(2,487);
/*!40000 ALTER TABLE `room_option_tb` ENABLE KEYS */;
UNLOCK TABLES;

--
-- Table structure for table `room_tb`
--

DROP TABLE IF EXISTS `room_tb`;
/*!40101 SET @saved_cs_client     = @@character_set_client */;
/*!40101 SET character_set_client = utf8 */;
CREATE TABLE `room_tb` (
  `room_id` int(10) unsigned NOT NULL AUTO_INCREMENT,
  `room_area` double NOT NULL,
  `room_floor` int(11) NOT NULL,
  `heating_id` int(10) unsigned NOT NULL,
  `location_id` int(10) unsigned NOT NULL,
  `room_type_id` char(2) DEFAULT NULL,
  PRIMARY KEY (`room_id`),
  KEY `location_id` (`location_id`),
  KEY `heating_id` (`heating_id`),
  KEY `room_type_id` (`room_type_id`),
  CONSTRAINT `room_tb_ibfk_1` FOREIGN KEY (`location_id`) REFERENCES `location_tb` (`location_id`) ON DELETE CASCADE ON UPDATE CASCADE,
  CONSTRAINT `room_tb_ibfk_2` FOREIGN KEY (`heating_id`) REFERENCES `heating_tb` (`heating_id`) ON DELETE CASCADE ON UPDATE CASCADE,
  CONSTRAINT `room_tb_ibfk_3` FOREIGN KEY (`room_type_id`) REFERENCES `room_type_tb` (`room_type_id`) ON DELETE CASCADE ON UPDATE CASCADE
) ENGINE=InnoDB AUTO_INCREMENT=488 DEFAULT CHARSET=utf8;
/*!40101 SET character_set_client = @saved_cs_client */;

--
-- Dumping data for table `room_tb`
--

LOCK TABLES `room_tb` WRITE;
/*!40000 ALTER TABLE `room_tb` DISABLE KEYS */;
INSERT INTO `room_tb` VALUES (342,76.03,5,2,554,'AP'),(343,16.5,4,2,555,'OR'),(344,27.19,4,2,556,'OP'),(345,56.2,2,2,558,'VI'),(347,76.03,3,2,563,'AP'),(348,92.56,7,2,565,'AP'),(350,19.8,2,1,573,'OR'),(351,23.64,15,2,575,'OP'),(352,79.31,13,2,577,'AP'),(353,59.5,6,1,579,'OP'),(354,39.6,4,2,580,'TR'),(356,62.81,2,2,583,'VI'),(358,66.12,4,2,586,'AP'),(359,39.67,2,3,588,'VI'),(361,39.67,2,2,590,'VI'),(365,33.1,3,2,595,'VI'),(368,33,3,2,599,'TR'),(369,17.52,11,2,601,'OP'),(370,26.4,4,2,603,'VI'),(371,26.44,3,2,604,'VI'),(372,76.03,18,2,605,'OP'),(373,16.53,2,2,606,'OR'),(375,102.48,3,2,608,'AP'),(377,330.58,2,2,610,'VI'),(394,26.44,5,2,627,'OR'),(396,23.1,2,2,629,'OR'),(397,62.81,7,2,630,'VI'),(398,26.44,5,2,631,'OP'),(399,49.59,2,2,632,'VI'),(400,16.53,2,2,633,'VI'),(432,4.96,2,2,673,'OR'),(433,135.54,23,2,674,'AP'),(441,69.42,-2,1,682,'VI'),(442,105.79,5,1,683,'AP'),(444,107.44,123,1,687,'VI'),(445,408.26,123,1,688,'TR'),(446,105.79,123,1,689,'TR'),(448,92.56,11,2,691,'AP'),(452,105.79,3,2,695,'AP'),(453,0,-5,2,696,'VI'),(457,109.09,3,3,700,'TR'),(458,76.03,3,2,701,'TR'),(469,16.53,3,2,749,'OR'),(484,39.67,2,2,844,'VI'),(485,29.75,3,2,845,'OR'),(487,59.5,4,2,847,'TR');
/*!40000 ALTER TABLE `room_tb` ENABLE KEYS */;
UNLOCK TABLES;

--
-- Table structure for table `room_type_tb`
--

DROP TABLE IF EXISTS `room_type_tb`;
/*!40101 SET @saved_cs_client     = @@character_set_client */;
/*!40101 SET character_set_client = utf8 */;
CREATE TABLE `room_type_tb` (
  `room_type_id` char(2) NOT NULL,
  `room_type_name` varchar(20) NOT NULL,
  PRIMARY KEY (`room_type_id`)
) ENGINE=InnoDB DEFAULT CHARSET=utf8;
/*!40101 SET character_set_client = @saved_cs_client */;

--
-- Dumping data for table `room_type_tb`
--

LOCK TABLES `room_type_tb` WRITE;
/*!40000 ALTER TABLE `room_type_tb` DISABLE KEYS */;
INSERT INTO `room_type_tb` VALUES ('AP','아파트'),('OP','오피스텔'),('OR','원룸'),('TR','투룸'),('VI','빌라');
/*!40000 ALTER TABLE `room_type_tb` ENABLE KEYS */;
UNLOCK TABLES;

--
-- Table structure for table `sale_tb`
--

DROP TABLE IF EXISTS `sale_tb`;
/*!40101 SET @saved_cs_client     = @@character_set_client */;
/*!40101 SET character_set_client = utf8 */;
CREATE TABLE `sale_tb` (
  `room_id` int(10) unsigned NOT NULL,
  `sale_title` varchar(150) NOT NULL,
  `rent_id` int(10) unsigned NOT NULL,
  `period_num` int(10) unsigned NOT NULL DEFAULT '1',
  `period_unit` enum('Y','M','W') DEFAULT 'M',
  `post_id` int(10) unsigned NOT NULL,
  `deposit` int(10) unsigned NOT NULL DEFAULT '0',
  `monthly_cost` int(10) unsigned NOT NULL DEFAULT '0',
  `manage_cost` int(10) unsigned NOT NULL DEFAULT '0',
  `hashtag_exist` enum('Y','N') NOT NULL DEFAULT 'N',
  `sale_date` datetime NOT NULL DEFAULT CURRENT_TIMESTAMP,
  `views` int(10) unsigned NOT NULL DEFAULT '0',
  `detail_explain` text NOT NULL,
  `member_id` int(10) unsigned DEFAULT NULL,
  PRIMARY KEY (`room_id`),
  KEY `rent_id` (`rent_id`),
  KEY `post_id` (`post_id`),
  KEY `member_id` (`member_id`),
  CONSTRAINT `sale_tb_ibfk_1` FOREIGN KEY (`room_id`) REFERENCES `room_tb` (`room_id`) ON DELETE CASCADE ON UPDATE CASCADE,
  CONSTRAINT `sale_tb_ibfk_2` FOREIGN KEY (`rent_id`) REFERENCES `rent_type_tb` (`rent_id`) ON DELETE CASCADE ON UPDATE CASCADE,
  CONSTRAINT `sale_tb_ibfk_3` FOREIGN KEY (`post_id`) REFERENCES `post_status_tb` (`post_id`) ON DELETE CASCADE ON UPDATE CASCADE,
  CONSTRAINT `sale_tb_ibfk_4` FOREIGN KEY (`member_id`) REFERENCES `member_tb` (`member_id`)
) ENGINE=InnoDB DEFAULT CHARSET=utf8;
/*!40101 SET character_set_client = @saved_cs_client */;

--
-- Dumping data for table `sale_tb`
--

LOCK TABLES `sale_tb` WRITE;
/*!40000 ALTER TABLE `sale_tb` DISABLE KEYS */;
INSERT INTO `sale_tb` VALUES (342,'맑은 공기 장수동으로 오세요',2,2,'Y',1,230000000,450000,0,'Y','2019-08-19 10:42:39',13,'근처에 있는 인천대공원 덕분에 아침 저녁으로 매일 신선한 공기를 마신다는게 느껴지는 동네입니다. 주말에는 아이들과 함께 나들이도 다니기에 너무 편하고, 근처에 송내역이 있어 출퇴근 하시는 분들도 엄청 편하실 거에요~^^ 인테리어도 잘 되었으니 궁금하신 분들 연락 기다리고 있을게요~',87),(343,'관악구 봉천동 살기 좋은 방이에요',2,1,'Y',1,45000000,0,50000,'Y','2019-08-19 10:44:10',40,'신림역도 가깝고 주변에 편의시설도 많습니다.',38),(344,'수원역 도보 10분거리 오피스텔입니다!',1,4,'M',1,10000000,350000,50000,'Y','2019-08-19 10:46:28',8,'제가 사정이 생겨서 방을 빼게 되었는데 계약기간이 4개월이 남아 그동안 머무르실 분 구합니다.\n바로앞 버스정류장이 위치하고 있고 주차 공간도 넉넉합니다.\n10분거리에 수원역이있고 로데오 바로 근처라 불편한 점 없습니다!!\n수원으로 학교다니시는 분들 연락 많이 주세요~',14),(345,'인천대공원 딱 옆에 있는 청정 도시 빌라',2,2,'Y',1,170000000,550000,0,'Y','2019-08-19 10:51:37',9,'바로 옆에 대공원 중문이 있어 대공원에 드나들기 너무 편하다. 이곳에 거주한지 근 3년이 되어가는데 그동안의 변화는 이로 말할 수 없다. 과거 회사와 세상에 지친 몸과 마음을 쉬기 위해 조용한 곳으로 이사하였다. 아침 저녁으로 조용한 곳이며, 마음과 몸 모두 힐링할 수 있는 곳이다. 직장 때문에 이사가야 해 너무 아쉽습니다.',87),(347,'한남대교 근처에 있는 공주 방이에염',2,2,'Y',1,340000000,750000,0,'Y','2019-08-19 11:50:57',3,'한남대교 근처에 있는 이쁜 방이에요. 제가 손수 인테리어 기획하고 작업한 곳이라 떠나기 너무 힘들었지만 잠시 2년동안 유학을 떠나게 되 잠시 방 내놓아요.ㅠㅠ 이쁜 방 이쁘게 쓰실 분 구해요! 이쁜 곳에 살고 싶은 분 연락주세욤 :)',87),(348,'안산에서 젤루 편한 곳',1,9,'M',1,15000000,600000,90000,'Y','2019-08-19 11:59:29',17,'주변에 중앙역, 고잔역도 있고 백화점 크기 급인 다농마트도 있어서 살기에는 최곱니다.',87),(350,'구리시장인근에 있는  분리형 원룸',1,10,'M',1,5000000,450000,40000,'Y','2019-08-19 12:51:44',0,'외관부터 내부까지 너무 깔끔해 금방 계약되는 아주 귀한 매물입니다. 입주날짜 협의 가능합니다. \n',85),(351,'썬그라스끼고 생활해야하는 방',1,10,'M',1,5000000,500000,100000,'Y','2019-08-19 13:10:14',4,'지하철역 및 버스정류장 3분거리라 교통 완전 편리하며,따따블역세권이라 5분반경안으로 모든 편의시설이 전부 있다고 보시면 되겠습니다.\n',32),(352,'대전역인근에 위치한 주상복합 아파트 월세입니다 ',1,3,'Y',1,20000000,500000,80000,'Y','2019-08-19 13:21:28',3,'채광 전망좋고 깔끔한 주상복합!! 방3 거실1넓은 베란다1 화장실 2 자세한 문의는 머물톡 주시면 친절히 설명해 드릴께요~^^\n',32),(353,'서울대 입구역 5분거리에 있는 좋은 곳입니다.',2,6,'M',3,5400000,0,0,'Y','2019-08-19 13:38:35',777,'이 방은 기본적으로 제공되는 옵션들이 많아요. 옵션 항목에 없는 공기청정기와 가습기, 서랍장, 핸드폰 거치대 등 다양한 옵션항목들이 제공되어서 사용하시는 분은 너무 편하실 거에요. 인근에 시장이 있어서 식자재 걱정도 없고 인근에 모든 병원들이 밀집되어 있어서 진료받으시기에도 너무 좋습니다.',53),(354,'투룸 사실 과기대생,7호선 이용 직장인분들 이 글 꼭 보세요!!',1,1,'Y',1,20000000,660000,50000,'Y','2019-08-19 13:39:19',1,'과기대생,7호선 이용 직장인에게 추천 드려요. 넓은 베란다 있어 편리하고,방크고 깨끗한 풀 옵션 방 입니다. 각종 편의 시설이 갖춰져 있어 생활 편리해요.\n',32),(356,'당진 송악로 최고 매물',1,4,'M',1,0,400000,90000,'Y','2019-08-19 13:51:17',0,'[★ISSUE★]지금까지는 이런 집은 없었다. 빌라인가 호텔인가.\n급하게 집 내놓습니다. 개인사정 때문에 더 이상 집에 거주하지 못하게 됬습니다. 좋은 집 편하고 싸게 사용하실 분들 연락주세요',53),(358,'화성 시청 인근 풀옵션 최고 명당',2,2,'Y',1,15000000,700000,80000,'Y','2019-08-19 14:03:34',0,'화성시청에서 10분도 안되는 곳입니다. 풀옵션인데다가 교통편과 편의시설이 잘 갖춰져 있습니다. 다른 곳으로 발령받아 어쩔 수 없이 이사하게 됩니다.. 새 건물이라 화장실, 거실, 각 방들 모두 깨끗합니다. 사진 첨부하니 확인하시고 연락 부탁드려요',53),(359,'당진 조암터미널 15분거리에 있는 집입니다.',1,4,'M',1,3000000,200000,60000,'Y','2019-08-19 14:10:59',19,'터미널 근처에 있는 집입니다. 집이 조금 오래됬긴 했지만 혼자 살기에는 괜찮으실 거에요',53),(361,'김포터미널 10분거리에 있는 명당입니다.',2,2,'Y',1,25000000,500000,0,'Y','2019-08-19 14:18:17',9,'김포터미널 인근에 있는 곳입니다. 사우동이라 워낙 사람들에게도 인지도가 있는 동네이긴 하지만 급하게 이사가야하는 바람에 급하게 집 싸게 내놓습니다. 관심있는 사우대학교 학생분들이나 사회 초년생분들 적극 환영입니다. 연락주세요',53),(365,'용인에 신축 빌라',1,10,'M',1,5000000,450000,50000,'Y','2019-08-19 14:27:45',2,'교통편리(역세권) 도보3분거리 맥도날드,스타벅스,롯데리아,편의점및편의시설 다 있습니다. 도보 5분거리 행정타운있음 인근에 용인대학교,명지대학교 있음 전망 좋고 뒷편산이 있어 공기좋음. 도시형으로 튼튼하게지여 난방비 매우절약. 신축건물이라  아주 깨끗합니다.\n',51),(368,'진짜 가성비 좋은 투룸 내놓습니다',1,8,'M',1,3000000,320000,30000,'Y','2019-08-19 14:41:54',8,'주차 무료, 엘리베이터도 있고 반려동물도 가능합니다 가격도 착하고 인테리어도 너무너무 좋아요 ㅎㅎ',51),(369,'신림 오피스텔',1,8,'M',1,5000000,550000,70000,'Y','2019-08-19 14:52:57',17,'집에서 나오다 넘어져도 코 닿는 역세권! 주변 CCTV, 야근 후 늦게오셔도 안전한 퇴근길! 역세권이기에 완벽한 주변 환경 (마트. 편의점. 약국. 병원. 세탁소 및 각종 편의시설)',51),(370,'숭실대입구역 근처 빌라',1,9,'M',1,5000000,440000,60000,'Y','2019-08-19 15:02:43',24,'엘레베이터 있음, 온갖 식당, 카페, 미용실, 노래방, PC방 등 밀집지역, 편의점 도보 1분, 주변 편의시설이 다양하여 365일 불편함이 없이 거주하실 수 있습니다.\n\n',51),(371,'봉천동 인기 빌라 방 내놓습니다',1,6,'M',1,3000000,500000,50000,'Y','2019-08-20 12:44:41',209,'2호선 역세권으로 지하철 출퇴근과 많은 버스노선으로 어떤 장소든 ok! 트렌디한 신축,빌트인, 맛집,편의점,카페,병원,약국,공원,은행가,주유소,세탁소 등등 있을거 다 있고 보안 비디오폰,CCTV 가로등은 마치 주님의 은총과 같이 환하게 빛나요',52),(372,'서울대입구역 도보 5분거리 동진빌딩',1,6,'M',1,120000000,500000,50000,'Y','2019-08-20 12:48:30',222,'## 서울대 입구역 도보 5분거리 고층 오피스텔 동진빌딩입니다 ##\n\n동진빌딩 근처에는 시장과 대형마트, 각종 편의시설이 즐비해 있으며, 초역세권입니다.\n\n고급 오피스텔이고, 수요가 많다보니 이렇게 방이 나는 경우가 많이 없습니다.\n\n저는 급하게 일이 생겨 나가게 되었습니다. 바로 연락주세요!',50),(373,'숭실대, 중앙대, 서울대생들 잠깐만요',1,6,'M',1,5000000,390000,60000,'Y','2019-08-20 13:07:41',73,'숭실대에서 5분거리, 중앙대에서 10분거리, 서울대입구역에서 10분거리에 있는 집입니다. 집도 지어진지 얼마 안되서 깨끗하고 좋습니다! 인근에 시장 근처라 먹을 것도 많고 교통편도 잘 되어 있어 지하철이나 버스 택시 모두 이용하기에 편하답니다! 1년 계약했지만 사정이 생겨서 집 6개월 내놓게 됬습니다. 이번주 내로 연락주시는 분들에게 한달 치 월세 대신 내드릴려고 하는데 관심있는 분들 연락주세요!',18),(375,'## 봉천시장 근처 아트리움 아파트에요~',2,2,'Y',1,180000000,0,60000,'Y','2019-08-20 13:14:04',167,'@@ 안녕하세요 아트리움 아파트 3층입니다!!\n\n저희 부부가 2년간 해외에 나가있게되어서 2년동안 집을 비우게되었어요 ㅠㅠ\n\n저희가 다시 돌아와서 살게 될 집이라서 아주 깨끗하게 사용해주실 분들을 모시고 싶어요!!\n\n많이 많이 연락주세요!',55),(377,'효리네민박~',1,2,'M',1,1000000,500000,0,'Y','2019-08-20 13:47:59',4,'여러분들 여기가 바로 천국입니다 제주도로 놀러오세요~~',95),(394,'신림역 10분 거리 깨끗한 방',1,6,'M',1,5000000,450000,50000,'Y','2019-08-24 06:32:04',8,'최근에 리모델링해서 깔끔해요',99),(396,'신림역 도보 6분!',1,6,'M',1,3000000,320000,60000,'Y','2019-08-24 06:42:31',7,'이보다 더 조용하고 깔끔할 수가 없습니다.',100),(397,'핑크핑크한 빌라 사실분 구해요 ~',1,10,'M',1,5000000,350000,60000,'Y','2019-08-24 06:50:19',35,'깨끗하고 깔끔한집 (핑크 주의!!) , 포근한 침대 (불면증 걸리신분도 코골면서 푹 잡니다 ㅋㅋ), 핑크핑크 러블리한 인테리어 (친구들한테 자랑하고 싶어지네요)\n',32),(398,'관악구 깔끔한 오피스텔',1,6,'M',1,5000000,450000,50000,'Y','2019-08-24 06:50:45',4,'신림역이랑 가깝고 깔끔해요',101),(399,'신림동 3주 잠시 사실 분 구합니당',3,3,'W',1,400000,250000,0,'Y','2019-08-24 07:03:07',13,'제가 3주정도 집이 비어서 3주동안 집 필요하신 분 구합니다\n여성분이었으면 좋겠고 집에 필요한거는 다 구비되어있으니 짐만 들고 오시면 됩니다\n역세권이라 교통편도 좋고 어디 다니기도 편해요\n잠시 집 구하시는 분들 연락주세요!',55),(400,'싼게 비지떡',1,6,'M',1,5000000,500000,80000,'Y','2019-08-24 07:04:51',0,'숭실대 학생들 싸다고 소문난데입니다. 얼른오세요',38),(432,'동작구 조용하고 깨끗해요',1,6,'M',1,5000000,400000,50000,'Y','2019-08-26 02:42:05',0,'조용해서 살기 좋습니다',55),(433,'송도 핫플 이편한세상',2,2,'Y',1,340000000,0,430000,'Y','2019-08-26 02:49:54',0,'이: 이로 말할 수 없는\n편: 편함\n한: 한 번 빠지면\n세: 세상 어느것과 비교할 수 없고 다른 것들은\n상: 상상할 수도 없게 되는 곳\n\n이편한세상으로 오세요 :)',98),(441,'감성 다목마을',2,2,'Y',1,25000000,0,0,'Y','2019-08-26 04:59:35',0,'이외수씨의 고장 감성 다목 마을, 평안히 자연을 보고 있노라하면 마음이 평안해집니다.',98),(442,'천당 그 밑에 분당★',2,2,'Y',1,280000000,0,0,'Y','2019-08-26 07:08:31',0,'천당 밑에 분당이라는 말이 괜히 나온 소리가 아니라는 걸 아실거에요 살아보시면요~ 이번에 같은 분당이기진 하지만 다른 곳으로 이사가게되어 2년간 생활하시려는 분 구해요~ 연락주세요',98),(448,'선선한 바람이 잘드는 경치좋은 선경 아파트 살 사람',2,2,'Y',1,180000000,0,0,'Y','2019-08-26 09:50:28',4,'이곳으로 말 할 것 같으면 바로 관악구청에서 도보 10분거리에 위치하고 있는 곳이므로 곧 샤로수 길이 코 앞에 있다는 말씀입니다. 샤로수길로 말할 것 같으면 경상도,전라도 음식집, 프랑스음식, 인도음식 등 너무나도 먹을 곳이 많고, 미드레벨, 쉑쉑버거등 청년들에게 핫한 관심을 갖을 만한 곳입니다.',18),(452,'노원구 상큼한 방이에요',1,1,'Y',1,50000000,700000,0,'Y','2019-08-26 10:44:15',2,'상큼상큼',85),(453,'왜안돼',2,2,'Y',1,500000000,0,0,'N','2019-08-26 10:47:18',0,'구래',55),(457,'안녕',1,21,'M',1,2320000,3230000,0,'N','2019-08-26 13:06:44',1,'----',139),(458,'ㄴㅁㄹㄴㄹㄴㅇ',1,3,'M',3,3000000,300000,0,'Y','2019-08-26 13:06:44',2,'ㅇㄴㄹㅁㄴㅇㄹㄴㅇㄹ',38),(469,'신림역 5분 거리 베스트리빙텔 월세 내놓습니다',1,6,'M',2,3000000,400000,50000,'Y','2019-08-28 00:11:28',1,'아주 좋은 방이에요',54),(484,'봉천동 새문빌라입니다',1,8,'M',4,0,500000,0,'Y','2019-08-28 07:04:31',9,'봉천시장 근처에 있는 새문빌라입니다. 인근에 서울대학교, 숭실대학교, 중앙대학교 있어서 학생들이 살기에는 말할 것도 없이 너무 좋고 주변에 교통편도 잘 되어있어 어떤 분들이 사시기에도 편하실 겁니다.',53),(485,'서울대입구역 10분거리 민영타운으로 오세요',1,6,'M',1,5000000,400000,0,'Y','2019-08-28 07:42:49',7,'서울대입구역, 숭실대학교에서 매우 가까운 곳입니다. 주변에 유명한 유치원이 있어서 자녀 유치원 통학을 위해 이사했는데 건물 외관은 좀 오래되보이지만 내부는 매우 깨끗합니다.',98),(487,'쓰리룸 같은 투룸에서 사실 분~',1,6,'M',1,7000000,450000,0,'Y','2019-08-28 07:54:48',3,'진짜 투룸치고는 쓰리룸 크기 정도 잘 나왔습니다. 친구들과 함께 사셔도 좋고 혼자 넓직하게 사셔도 좋습니다. 연락주세요',98);
/*!40000 ALTER TABLE `sale_tb` ENABLE KEYS */;
UNLOCK TABLES;
/*!40103 SET TIME_ZONE=@OLD_TIME_ZONE */;

/*!40101 SET SQL_MODE=@OLD_SQL_MODE */;
/*!40014 SET FOREIGN_KEY_CHECKS=@OLD_FOREIGN_KEY_CHECKS */;
/*!40014 SET UNIQUE_CHECKS=@OLD_UNIQUE_CHECKS */;
/*!40101 SET CHARACTER_SET_CLIENT=@OLD_CHARACTER_SET_CLIENT */;
/*!40101 SET CHARACTER_SET_RESULTS=@OLD_CHARACTER_SET_RESULTS */;
/*!40101 SET COLLATION_CONNECTION=@OLD_COLLATION_CONNECTION */;
/*!40111 SET SQL_NOTES=@OLD_SQL_NOTES */;

-- Dump completed on 2019-09-26  4:45:16
